team,country_code,rank,points,previous_rank,fetched_at,snapshot_date
Spain,ESP,1,1995.881879,2,2026-09-22 09:36:45.962726+00:00,2026-09-22 00:00:00+00:00
Argentina,ARG,2,1970.36539,1,2026-09-22 09:36:45.962726+00:00,2026-09-22 00:00:00+00:00
France,FRA,3,1948.970817,3,2026-09-22 09:36:45.962726+00:00,2026-09-22 00:00:00+00:00
England,ENG,4,1922.831632,4,2026-09-22 09:36:45.962726+00:00,2026-09-22 00:00:00+00:00
Brazil,BRA,5,1804.923169,6,2026-09-22 09:36:45.962726+00:00,2026-09-22 00:00:00+00:00
Morocco,MAR,6,1803.987631,7,2026-09-22 09:36:45.962726+00:00,2026-09-22 00:00:00+00:00
Portugal,PRT,7,1787.854725,5,2026-09-22 09:36:45.962726+00:00,2026-09-22 00:00:00+00:00
Belgium,BEL,8,1778.355242,9,2026-09-22 09:36:45.962726+00:00,2026-09-22 00:00:00+00:00
Netherlands,NLD,9,1775.54224,8,2026-09-22 09:36:45.962726+00:00,2026-09-22 00:00:00+00:00
Mexico,MEX,10,1754.296853,14,2026-09-22 09:36:45.962726+00:00,2026-09-22 00:00:00+00:00
Colombia,COL,11,1739.894762,13,2026-09-22 09:36:45.962726+00:00,2026-09-22 00:00:00+00:00
Germany,DEU,12,1726.218839,10,2026-09-22 09:36:45.962726+00:00,2026-09-22 00:00:00+00:00
Croatia,HRV,13,1723.050142,11,2026-09-22 09:36:45.962726+00:00,2026-09-22 00:00:00+00:00
Switzerland,CHE,14,1710.884769,19,2026-09-22 09:36:45.962726+00:00,2026-09-22 00:00:00+00:00
Italy,ITA,15,1704.733836,12,2026-09-22 09:36:45.962726+00:00,2026-09-22 00:00:00+00:00
USA,USA,16,1690.330436,17,2026-09-22 09:36:45.962726+00:00,2026-09-22 00:00:00+00:00
Japan,JPN,17,1673.67653,18,2026-09-22 09:36:45.962726+00:00,2026-09-22 00:00:00+00:00
Senegal,SEN,18,1653.42859,15,2026-09-22 09:36:45.962726+00:00,2026-09-22 00:00:00+00:00
Norway,NOR,19,1651.286867,31,2026-09-22 09:36:45.962726+00:00,2026-09-22 00:00:00+00:00
Uruguay,URY,20,1634.703834,16,2026-09-22 09:36:45.962726+00:00,2026-09-22 00:00:00+00:00
Denmark,DNK,21,1619.474248,21,2026-09-22 09:36:45.962726+00:00,2026-09-22 00:00:00+00:00
Iran,IRN,22,1609.845145,20,2026-09-22 09:36:45.962726+00:00,2026-09-22 00:00:00+00:00
Austria,AUT,23,1598.822839,24,2026-09-22 09:36:45.962726+00:00,2026-09-22 00:00:00+00:00
Egypt,EGY,24,1597.044332,29,2026-09-22 09:36:45.962726+00:00,2026-09-22 00:00:00+00:00
Ecuador,ECU,25,1592.588692,23,2026-09-22 09:36:45.962726+00:00,2026-09-22 00:00:00+00:00
Nigeria,NGA,26,1585.017102,26,2026-09-22 09:36:45.962726+00:00,2026-09-22 00:00:00+00:00
Türkiye,TUR,27,1582.54473,22,2026-09-22 09:36:45.962726+00:00,2026-09-22 00:00:00+00:00
Australia,AUS,28,1581.5092,27,2026-09-22 09:36:45.962726+00:00,2026-09-22 00:00:00+00:00
Algeria,DZA,29,1576.802787,28,2026-09-22 09:36:45.962726+00:00,2026-09-22 00:00:00+00:00
Canada,CAN,30,1571.34137,30,2026-09-22 09:36:45.962726+00:00,2026-09-22 00:00:00+00:00
Côte d'Ivoire,CIV,31,1565.474493,33,2026-09-22 09:36:45.962726+00:00,2026-09-22 00:00:00+00:00
South Korea,KOR,32,1558.719499,25,2026-09-22 09:36:45.962726+00:00,2026-09-22 00:00:00+00:00
Ukraine,UKR,33,1549.287173,32,2026-09-22 09:36:45.962726+00:00,2026-09-22 00:00:00+00:00
Paraguay,PRY,34,1542.476023,41,2026-09-22 09:36:45.962726+00:00,2026-09-22 00:00:00+00:00
Russia,RUS,35,1529.602834,35,2026-09-22 09:36:45.962726+00:00,2026-09-22 00:00:00+00:00
Poland,POL,36,1526.183359,36,2026-09-22 09:36:45.962726+00:00,2026-09-22 00:00:00+00:00
Sweden,SWE,37,1525.578992,38,2026-09-22 09:36:45.962726+00:00,2026-09-22 00:00:00+00:00
Wales,WAL,38,1516.946629,37,2026-09-22 09:36:45.962726+00:00,2026-09-22 00:00:00+00:00
Hungary,HUN,39,1506.393663,39,2026-09-22 09:36:45.962726+00:00,2026-09-22 00:00:00+00:00
Serbia,SRB,40,1502.133186,43,2026-09-22 09:36:45.962726+00:00,2026-09-22 00:00:00+00:00
DR Congo,COD,41,1495.476517,46,2026-09-22 09:36:45.962726+00:00,2026-09-22 00:00:00+00:00
Scotland,SCO,42,1491.223887,42,2026-09-22 09:36:45.962726+00:00,2026-09-22 00:00:00+00:00
Cameroon,CMR,43,1481.235245,44,2026-09-22 09:36:45.962726+00:00,2026-09-22 00:00:00+00:00
Panama,PAN,44,1478.411496,34,2026-09-22 09:36:45.962726+00:00,2026-09-22 00:00:00+00:00
Slovakia,SVK,45,1473.660727,47,2026-09-22 09:36:45.962726+00:00,2026-09-22 00:00:00+00:00
Greece,GRC,46,1473.187305,48,2026-09-22 09:36:45.962726+00:00,2026-09-22 00:00:00+00:00
Venezuela,VEN,47,1469.177672,49,2026-09-22 09:36:45.962726+00:00,2026-09-22 00:00:00+00:00
Czechia,CZE,48,1467.260216,40,2026-09-22 09:36:45.962726+00:00,2026-09-22 00:00:00+00:00
Chile,CHL,49,1458.196344,51,2026-09-22 09:36:45.962726+00:00,2026-09-22 00:00:00+00:00
Peru,PER,50,1457.692964,52,2026-09-22 09:36:45.962726+00:00,2026-09-22 00:00:00+00:00
Costa Rica,CRI,51,1456.029055,53,2026-09-22 09:36:45.962726+00:00,2026-09-22 00:00:00+00:00
Romania,ROU,52,1455.894657,54,2026-09-22 09:36:45.962726+00:00,2026-09-22 00:00:00+00:00
Mali,MLI,53,1455.586659,55,2026-09-22 09:36:45.962726+00:00,2026-09-22 00:00:00+00:00
South Africa,ZAF,54,1451.241881,60,2026-09-22 09:36:45.962726+00:00,2026-09-22 00:00:00+00:00
Ireland,IRL,55,1441.096901,58,2026-09-22 09:36:45.962726+00:00,2026-09-22 00:00:00+00:00
Slovenia,SVN,56,1441.087158,59,2026-09-22 09:36:45.962726+00:00,2026-09-22 00:00:00+00:00
Tunisia,TUN,57,1426.583954,45,2026-09-22 09:36:45.962726+00:00,2026-09-22 00:00:00+00:00
Saudi Arabia,SAU,58,1425.515277,61,2026-09-22 09:36:45.962726+00:00,2026-09-22 00:00:00+00:00
Qatar,QAT,59,1411.063729,56,2026-09-22 09:36:45.962726+00:00,2026-09-22 00:00:00+00:00
Uzbekistan,UZB,60,1409.729608,50,2026-09-22 09:36:45.962726+00:00,2026-09-22 00:00:00+00:00
Bosnia & Herzegovina,BIH,61,1408.930486,64,2026-09-22 09:36:45.962726+00:00,2026-09-22 00:00:00+00:00
Burkina Faso,BFA,62,1406.990543,62,2026-09-22 09:36:45.962726+00:00,2026-09-22 00:00:00+00:00
Iraq,IRQ,63,1404.172801,57,2026-09-22 09:36:45.962726+00:00,2026-09-22 00:00:00+00:00
Cabo Verde,CPV,64,1402.966144,67,2026-09-22 09:36:45.962726+00:00,2026-09-22 00:00:00+00:00
Ghana,GHA,65,1387.000731,73,2026-09-22 09:36:45.962726+00:00,2026-09-22 00:00:00+00:00
Honduras,HND,66,1378.970301,65,2026-09-22 09:36:45.962726+00:00,2026-09-22 00:00:00+00:00
Albania,ALB,67,1376.033234,66,2026-09-22 09:36:45.962726+00:00,2026-09-22 00:00:00+00:00
United Arab Emirates,ARE,68,1370.469434,68,2026-09-22 09:36:45.962726+00:00,2026-09-22 00:00:00+00:00
North Macedonia,MKD,69,1369.159317,69,2026-09-22 09:36:45.962726+00:00,2026-09-22 00:00:00+00:00
Northern Ireland,NIR,70,1365.296485,70,2026-09-22 09:36:45.962726+00:00,2026-09-22 00:00:00+00:00
Jamaica,JAM,71,1357.840144,71,2026-09-22 09:36:45.962726+00:00,2026-09-22 00:00:00+00:00
Georgia,GEO,72,1355.261687,72,2026-09-22 09:36:45.962726+00:00,2026-09-22 00:00:00+00:00
Jordan,JOR,73,1350.411893,63,2026-09-22 09:36:45.962726+00:00,2026-09-22 00:00:00+00:00
Iceland,ISL,74,1342.771961,74,2026-09-22 09:36:45.962726+00:00,2026-09-22 00:00:00+00:00
Finland,FIN,75,1341.922408,75,2026-09-22 09:36:45.962726+00:00,2026-09-22 00:00:00+00:00
Israel,ISR,76,1333.904007,76,2026-09-22 09:36:45.962726+00:00,2026-09-22 00:00:00+00:00
Bolivia,BOL,77,1325.995377,77,2026-09-22 09:36:45.962726+00:00,2026-09-22 00:00:00+00:00
Kosovo,XKX,78,1319.120924,78,2026-09-22 09:36:45.962726+00:00,2026-09-22 00:00:00+00:00
Oman,OMN,79,1306.901717,79,2026-09-22 09:36:45.962726+00:00,2026-09-22 00:00:00+00:00
Montenegro,MNE,80,1301.977191,80,2026-09-22 09:36:45.962726+00:00,2026-09-22 00:00:00+00:00
Guinea,GIN,81,1295.598845,81,2026-09-22 09:36:45.962726+00:00,2026-09-22 00:00:00+00:00
Curaçao,CUW,82,1285.644403,82,2026-09-22 09:36:45.962726+00:00,2026-09-22 00:00:00+00:00
Syria,SYR,83,1283.051902,84,2026-09-22 09:36:45.962726+00:00,2026-09-22 00:00:00+00:00
Gabon,GAB,84,1272.508139,86,2026-09-22 09:36:45.962726+00:00,2026-09-22 00:00:00+00:00
Bulgaria,BGR,85,1271.683325,87,2026-09-22 09:36:45.962726+00:00,2026-09-22 00:00:00+00:00
New Zealand,NZL,86,1269.801509,85,2026-09-22 09:36:45.962726+00:00,2026-09-22 00:00:00+00:00
Angola,AGO,87,1265.575056,88,2026-09-22 09:36:45.962726+00:00,2026-09-22 00:00:00+00:00
Haiti,HTI,88,1264.578423,83,2026-09-22 09:36:45.962726+00:00,2026-09-22 00:00:00+00:00
Uganda,UGA,89,1264.090591,89,2026-09-22 09:36:45.962726+00:00,2026-09-22 00:00:00+00:00
Zambia,ZMB,90,1255.821846,90,2026-09-22 09:36:45.962726+00:00,2026-09-22 00:00:00+00:00
China,CHN,91,1254.8091,91,2026-09-22 09:36:45.962726+00:00,2026-09-22 00:00:00+00:00
Bahrain,BHR,92,1254.406799,92,2026-09-22 09:36:45.962726+00:00,2026-09-22 00:00:00+00:00
Benin,BEN,93,1252.170944,93,2026-09-22 09:36:45.962726+00:00,2026-09-22 00:00:00+00:00
Thailand,THA,94,1250.803064,94,2026-09-22 09:36:45.962726+00:00,2026-09-22 00:00:00+00:00
Palestine,PSE,95,1243.713925,95,2026-09-22 09:36:45.962726+00:00,2026-09-22 00:00:00+00:00
Belarus,BLR,96,1242.876029,96,2026-09-22 09:36:45.962726+00:00,2026-09-22 00:00:00+00:00
Guatemala,GTM,97,1238.74375,97,2026-09-22 09:36:45.962726+00:00,2026-09-22 00:00:00+00:00
Luxembourg,LUX,98,1232.81815,98,2026-09-22 09:36:45.962726+00:00,2026-09-22 00:00:00+00:00
Vietnam,VNM,99,1227.203805,99,2026-09-22 09:36:45.962726+00:00,2026-09-22 00:00:00+00:00
El Salvador,SLV,100,1225.344607,100,2026-09-22 09:36:45.962726+00:00,2026-09-22 00:00:00+00:00
Tajikistan,TJK,101,1224.190098,101,2026-09-22 09:36:45.962726+00:00,2026-09-22 00:00:00+00:00
Trinidad and Tobago,TTO,102,1219.58613,102,2026-09-22 09:36:45.962726+00:00,2026-09-22 00:00:00+00:00
Mozambique,MOZ,103,1218.616571,103,2026-09-22 09:36:45.962726+00:00,2026-09-22 00:00:00+00:00
Madagascar,MDG,104,1202.689766,104,2026-09-22 09:36:45.962726+00:00,2026-09-22 00:00:00+00:00
Equatorial Guinea,GNQ,105,1195.197081,105,2026-09-22 09:36:45.962726+00:00,2026-09-22 00:00:00+00:00
Kyrgyzstan,KGZ,106,1192.157969,106,2026-09-22 09:36:45.962726+00:00,2026-09-22 00:00:00+00:00
Armenia,ARM,107,1189.632762,107,2026-09-22 09:36:45.962726+00:00,2026-09-22 00:00:00+00:00
Comoros,COM,108,1187.9109,108,2026-09-22 09:36:45.962726+00:00,2026-09-22 00:00:00+00:00
Kenya,KEN,109,1185.076631,109,2026-09-22 09:36:45.962726+00:00,2026-09-22 00:00:00+00:00
Libya,LBY,110,1182.081264,110,2026-09-22 09:36:45.962726+00:00,2026-09-22 00:00:00+00:00
Kazakhstan,KAZ,111,1180.780449,111,2026-09-22 09:36:45.962726+00:00,2026-09-22 00:00:00+00:00
Tanzania,TZA,112,1180.267847,112,2026-09-22 09:36:45.962726+00:00,2026-09-22 00:00:00+00:00
Mauritania,MRT,113,1176.680994,113,2026-09-22 09:36:45.962726+00:00,2026-09-22 00:00:00+00:00
Niger,NER,114,1175.332063,114,2026-09-22 09:36:45.962726+00:00,2026-09-22 00:00:00+00:00
Lebanon,LBN,115,1172.215162,115,2026-09-22 09:36:45.962726+00:00,2026-09-22 00:00:00+00:00
Gambia,GMB,116,1159.637808,116,2026-09-22 09:36:45.962726+00:00,2026-09-22 00:00:00+00:00
Sudan,SDN,117,1157.223901,117,2026-09-22 09:36:45.962726+00:00,2026-09-22 00:00:00+00:00
Indonesia,IDN,118,1157.142651,118,2026-09-22 09:36:45.962726+00:00,2026-09-22 00:00:00+00:00
Togo,TGO,119,1152.757527,119,2026-09-22 09:36:45.962726+00:00,2026-09-22 00:00:00+00:00
North Korea,PRK,120,1151.052136,120,2026-09-22 09:36:45.962726+00:00,2026-09-22 00:00:00+00:00
Namibia,NAM,121,1148.839695,121,2026-09-22 09:36:45.962726+00:00,2026-09-22 00:00:00+00:00
Sierra Leone,SLE,122,1147.560535,122,2026-09-22 09:36:45.962726+00:00,2026-09-22 00:00:00+00:00
Faroe Islands,FRO,123,1136.585036,123,2026-09-22 09:36:45.962726+00:00,2026-09-22 00:00:00+00:00
Cyprus,CYP,124,1133.247165,124,2026-09-22 09:36:45.962726+00:00,2026-09-22 00:00:00+00:00
Suriname,SUR,125,1132.425895,125,2026-09-22 09:36:45.962726+00:00,2026-09-22 00:00:00+00:00
Azerbaijan,AZE,126,1131.995112,126,2026-09-22 09:36:45.962726+00:00,2026-09-22 00:00:00+00:00
Estonia,EST,127,1130.63629,127,2026-09-22 09:36:45.962726+00:00,2026-09-22 00:00:00+00:00
Rwanda,RWA,128,1126.622275,128,2026-09-22 09:36:45.962726+00:00,2026-09-22 00:00:00+00:00
Malawi,MWI,129,1122.053591,129,2026-09-22 09:36:45.962726+00:00,2026-09-22 00:00:00+00:00
Zimbabwe,ZWE,130,1119.77695,130,2026-09-22 09:36:45.962726+00:00,2026-09-22 00:00:00+00:00
Nicaragua,NIC,131,1114.634184,131,2026-09-22 09:36:45.962726+00:00,2026-09-22 00:00:00+00:00
Guinea-Bissau,GNB,132,1108.381553,132,2026-09-22 09:36:45.962726+00:00,2026-09-22 00:00:00+00:00
Kuwait,KWT,133,1106.474587,133,2026-09-22 09:36:45.962726+00:00,2026-09-22 00:00:00+00:00
Congo Republic,COG,134,1105.964661,134,2026-09-22 09:36:45.962726+00:00,2026-09-22 00:00:00+00:00
Philippines,PHL,135,1100.949959,135,2026-09-22 09:36:45.962726+00:00,2026-09-22 00:00:00+00:00
Malaysia,MYS,136,1086.218087,136,2026-09-22 09:36:45.962726+00:00,2026-09-22 00:00:00+00:00
Latvia,LVA,137,1085.660758,137,2026-09-22 09:36:45.962726+00:00,2026-09-22 00:00:00+00:00
India,IND,138,1084.930775,138,2026-09-22 09:36:45.962726+00:00,2026-09-22 00:00:00+00:00
Central African Republic,CAF,139,1080.824745,139,2026-09-22 09:36:45.962726+00:00,2026-09-22 00:00:00+00:00
Liberia,LBR,140,1080.435325,140,2026-09-22 09:36:45.962726+00:00,2026-09-22 00:00:00+00:00
Turkmenistan,TKM,141,1078.652346,141,2026-09-22 09:36:45.962726+00:00,2026-09-22 00:00:00+00:00
Burundi,BDI,142,1078.009468,142,2026-09-22 09:36:45.962726+00:00,2026-09-22 00:00:00+00:00
Ethiopia,ETH,143,1077.520799,143,2026-09-22 09:36:45.962726+00:00,2026-09-22 00:00:00+00:00
Dominican Republic,DOM,144,1076.498501,144,2026-09-22 09:36:45.962726+00:00,2026-09-22 00:00:00+00:00
Yemen,YEM,145,1065.236881,145,2026-09-22 09:36:45.962726+00:00,2026-09-22 00:00:00+00:00
Lesotho,LSO,146,1064.285838,146,2026-09-22 09:36:45.962726+00:00,2026-09-22 00:00:00+00:00
Botswana,BWA,147,1063.631368,147,2026-09-22 09:36:45.962726+00:00,2026-09-22 00:00:00+00:00
Singapore,SGP,148,1057.950212,148,2026-09-22 09:36:45.962726+00:00,2026-09-22 00:00:00+00:00
Lithuania,LTU,149,1056.850321,149,2026-09-22 09:36:45.962726+00:00,2026-09-22 00:00:00+00:00
Guyana,GUY,150,1049.320241,150,2026-09-22 09:36:45.962726+00:00,2026-09-22 00:00:00+00:00
New Caledonia,NCL,151,1036.952253,151,2026-09-22 09:36:45.962726+00:00,2026-09-22 00:00:00+00:00
Saint Kitts and Nevis,KNA,152,1036.334924,152,2026-09-22 09:36:45.962726+00:00,2026-09-22 00:00:00+00:00
Solomon Islands,SLB,153,1031.894156,153,2026-09-22 09:36:45.962726+00:00,2026-09-22 00:00:00+00:00
Puerto Rico,PRI,154,1024.297312,154,2026-09-22 09:36:45.962726+00:00,2026-09-22 00:00:00+00:00
Fiji,FJI,155,1024.172648,155,2026-09-22 09:36:45.962726+00:00,2026-09-22 00:00:00+00:00
Hong Kong,HKG,156,1024.164346,156,2026-09-22 09:36:45.962726+00:00,2026-09-22 00:00:00+00:00
Tahiti,PYF,157,1019.036032,157,2026-09-22 09:36:45.962726+00:00,2026-09-22 00:00:00+00:00
Myanmar,MMR,158,1009.390464,158,2026-09-22 09:36:45.962726+00:00,2026-09-22 00:00:00+00:00
Moldova,MDA,159,1008.240035,159,2026-09-22 09:36:45.962726+00:00,2026-09-22 00:00:00+00:00
Vanuatu,VUT,160,1002.530511,160,2026-09-22 09:36:45.962726+00:00,2026-09-22 00:00:00+00:00
Malta,MLT,161,992.793497,161,2026-09-22 09:36:45.962726+00:00,2026-09-22 00:00:00+00:00
Antigua and Barbuda,ATG,162,986.584414,162,2026-09-22 09:36:45.962726+00:00,2026-09-22 00:00:00+00:00
Grenada,GRD,163,981.823973,163,2026-09-22 09:36:45.962726+00:00,2026-09-22 00:00:00+00:00
Cuba,CUB,164,981.423455,164,2026-09-22 09:36:45.962726+00:00,2026-09-22 00:00:00+00:00
Eswatini,SWZ,165,979.013939,165,2026-09-22 09:36:45.962726+00:00,2026-09-22 00:00:00+00:00
Saint Lucia,LCA,166,976.708996,166,2026-09-22 09:36:45.962726+00:00,2026-09-22 00:00:00+00:00
Bermuda,BMU,167,975.053746,167,2026-09-22 09:36:45.962726+00:00,2026-09-22 00:00:00+00:00
Papua New Guinea,PNG,168,974.9011,168,2026-09-22 09:36:45.962726+00:00,2026-09-22 00:00:00+00:00
South Sudan,SSD,169,970.944527,169,2026-09-22 09:36:45.962726+00:00,2026-09-22 00:00:00+00:00
Saint Vincent and the Grenadines,VCT,170,968.269638,170,2026-09-22 09:36:45.962726+00:00,2026-09-22 00:00:00+00:00
Afghanistan,AFG,171,968.073401,171,2026-09-22 09:36:45.962726+00:00,2026-09-22 00:00:00+00:00
Andorra,AND,172,946.429826,172,2026-09-22 09:36:45.962726+00:00,2026-09-22 00:00:00+00:00
Maldives,MDV,173,943.917901,173,2026-09-22 09:36:45.962726+00:00,2026-09-22 00:00:00+00:00
Chinese Taipei,TWN,174,923.782643,174,2026-09-22 09:36:45.962726+00:00,2026-09-22 00:00:00+00:00
Cambodia,KHM,175,922.317911,175,2026-09-22 09:36:45.962726+00:00,2026-09-22 00:00:00+00:00
Montserrat,MSR,176,916.75251,176,2026-09-22 09:36:45.962726+00:00,2026-09-22 00:00:00+00:00
Nepal,NPL,177,914.541224,177,2026-09-22 09:36:45.962726+00:00,2026-09-22 00:00:00+00:00
Mauritius,MUS,178,911.487501,178,2026-09-22 09:36:45.962726+00:00,2026-09-22 00:00:00+00:00
Barbados,BRB,179,909.893208,179,2026-09-22 09:36:45.962726+00:00,2026-09-22 00:00:00+00:00
Belize,BLZ,180,907.001211,180,2026-09-22 09:36:45.962726+00:00,2026-09-22 00:00:00+00:00
Bangladesh,BGD,181,902.92965,181,2026-09-22 09:36:45.962726+00:00,2026-09-22 00:00:00+00:00
Dominica,DMA,182,897.686437,182,2026-09-22 09:36:45.962726+00:00,2026-09-22 00:00:00+00:00
Chad,TCD,183,896.852819,183,2026-09-22 09:36:45.962726+00:00,2026-09-22 00:00:00+00:00
Eritrea,ERI,184,887.063341,184,2026-09-22 09:36:45.962726+00:00,2026-09-22 00:00:00+00:00
Laos,LAO,185,885.028891,185,2026-09-22 09:36:45.962726+00:00,2026-09-22 00:00:00+00:00
Cook Islands,COK,186,877.534995,186,2026-09-22 09:36:45.962726+00:00,2026-09-22 00:00:00+00:00
Sri Lanka,LKA,187,876.858829,187,2026-09-22 09:36:45.962726+00:00,2026-09-22 00:00:00+00:00
Samoa,WSM,188,876.407812,188,2026-09-22 09:36:45.962726+00:00,2026-09-22 00:00:00+00:00
Aruba,ABW,189,875.61115,189,2026-09-22 09:36:45.962726+00:00,2026-09-22 00:00:00+00:00
Mongolia,MNG,190,874.469074,190,2026-09-22 09:36:45.962726+00:00,2026-09-22 00:00:00+00:00
American Samoa,ASM,191,871.612081,191,2026-09-22 09:36:45.962726+00:00,2026-09-22 00:00:00+00:00
Bhutan,BTN,192,870.806447,192,2026-09-22 09:36:45.962726+00:00,2026-09-22 00:00:00+00:00
Macau,MAC,193,858.03342,193,2026-09-22 09:36:45.962726+00:00,2026-09-22 00:00:00+00:00
Brunei Darussalam,BRN,194,857.733061,194,2026-09-22 09:36:45.962726+00:00,2026-09-22 00:00:00+00:00
São Tomé and Príncipe,STP,195,855.438666,195,2026-09-22 09:36:45.962726+00:00,2026-09-22 00:00:00+00:00
Djibouti,DJI,196,853.581786,196,2026-09-22 09:36:45.962726+00:00,2026-09-22 00:00:00+00:00
Cayman Islands,CYM,197,850.061011,197,2026-09-22 09:36:45.962726+00:00,2026-09-22 00:00:00+00:00
Pakistan,PAK,198,840.280827,198,2026-09-22 09:36:45.962726+00:00,2026-09-22 00:00:00+00:00
Somalia,SOM,199,839.169697,199,2026-09-22 09:36:45.962726+00:00,2026-09-22 00:00:00+00:00
Tonga,TON,200,835.64241,200,2026-09-22 09:36:45.962726+00:00,2026-09-22 00:00:00+00:00
East Timor,TLS,201,830.998683,201,2026-09-22 09:36:45.962726+00:00,2026-09-22 00:00:00+00:00
Gibraltar,GIB,202,820.260818,202,2026-09-22 09:36:45.962726+00:00,2026-09-22 00:00:00+00:00
Guam,GUM,203,819.540575,203,2026-09-22 09:36:45.962726+00:00,2026-09-22 00:00:00+00:00
Seychelles,SYC,204,804.161509,204,2026-09-22 09:36:45.962726+00:00,2026-09-22 00:00:00+00:00
Turks and Caicos Islands,TCA,205,803.980015,205,2026-09-22 09:36:45.962726+00:00,2026-09-22 00:00:00+00:00
Liechtenstein,LIE,206,797.701009,206,2026-09-22 09:36:45.962726+00:00,2026-09-22 00:00:00+00:00
Bahamas,BHS,207,786.816217,207,2026-09-22 09:36:45.962726+00:00,2026-09-22 00:00:00+00:00
US Virgin Islands,VIR,208,779.764266,208,2026-09-22 09:36:45.962726+00:00,2026-09-22 00:00:00+00:00
British Virgin Islands,VGB,209,777.405734,209,2026-09-22 09:36:45.962726+00:00,2026-09-22 00:00:00+00:00
Anguilla,AIA,210,760.251852,210,2026-09-22 09:36:45.962726+00:00,2026-09-22 00:00:00+00:00
San Marino,SMR,211,721.201827,211,2026-09-22 09:36:45.962726+00:00,2026-09-22 00:00:00+00:00
