fixture_id,season,round,date,status_type,home_team,away_team,home_goals,away_goals,group
7697193,18/19,1,2018-09-06 14:00:00+00:00,finished,Kazakhstan,Georgia,0.0,2.0,"UEFA Nations League, League D, Gr. 1"
7697184,18/19,1,2018-09-06 16:00:00+00:00,finished,Armenia,Liechtenstein,2.0,1.0,"UEFA Nations League, League D, Gr. 4"
7697195,18/19,1,2018-09-06 18:45:00+00:00,finished,Latvia,Andorra,0.0,0.0,"UEFA Nations League, League D, Gr. 1"
7697183,18/19,1,2018-09-06 18:45:00+00:00,finished,Gibraltar,North Macedonia,0.0,2.0,"UEFA Nations League, League D, Gr. 4"
7697181,18/19,1,2018-09-06 18:45:00+00:00,finished,Norway,Cyprus,2.0,0.0,"UEFA Nations League, League C, Gr. 3"
7697182,18/19,1,2018-09-06 18:45:00+00:00,finished,Slovenia,Bulgaria,1.0,2.0,"UEFA Nations League, League C, Gr. 3"
7697173,18/19,1,2018-09-06 18:45:00+00:00,finished,Czechia,Ukraine,1.0,2.0,"UEFA Nations League, League B, Gr. 1"
7697176,18/19,1,2018-09-06 18:45:00+00:00,finished,Wales,Ireland,4.0,1.0,"UEFA Nations League, League B, Gr. 4"
7697166,18/19,1,2018-09-06 18:45:00+00:00,finished,Germany,France,0.0,0.0,"UEFA Nations League, League A, Gr. 1"
7697192,18/19,1,2018-09-07 16:00:00+00:00,finished,Azerbaijan,Kosovo,0.0,0.0,"UEFA Nations League, League D, Gr. 3"
7697169,18/19,1,2018-09-07 18:45:00+00:00,finished,Italy,Poland,1.0,1.0,"UEFA Nations League, League A, Gr. 3"
7697174,18/19,1,2018-09-07 18:45:00+00:00,finished,Türkiye,Russia,1.0,2.0,"UEFA Nations League, League B, Gr. 2"
7697177,18/19,1,2018-09-07 18:45:00+00:00,finished,Albania,Israel,1.0,0.0,"UEFA Nations League, League C, Gr. 1"
7697197,18/19,1,2018-09-07 18:45:00+00:00,finished,Lithuania,Serbia,0.0,1.0,"UEFA Nations League, League C, Gr. 4"
7697196,18/19,1,2018-09-07 18:45:00+00:00,finished,Romania,Montenegro,0.0,0.0,"UEFA Nations League, League C, Gr. 4"
7697191,18/19,1,2018-09-07 18:45:00+00:00,finished,Faroe Islands,Malta,3.0,1.0,"UEFA Nations League, League D, Gr. 3"
7697175,18/19,1,2018-09-08 13:00:00+00:00,finished,Northern Ireland,Bosnia & Herzegovina,1.0,2.0,"UEFA Nations League, League B, Gr. 3"
7697167,18/19,1,2018-09-08 16:00:00+00:00,finished,Switzerland,Iceland,6.0,0.0,"UEFA Nations League, League A, Gr. 2"
7697180,18/19,1,2018-09-08 16:00:00+00:00,finished,Finland,Hungary,1.0,0.0,"UEFA Nations League, League C, Gr. 2"
7697190,18/19,1,2018-09-08 16:00:00+00:00,finished,Belarus,San Marino,5.0,0.0,"UEFA Nations League, League D, Gr. 2"
7697179,18/19,1,2018-09-08 18:45:00+00:00,finished,Estonia,Greece,0.0,1.0,"UEFA Nations League, League C, Gr. 2"
7697170,18/19,1,2018-09-08 18:45:00+00:00,finished,England,Spain,1.0,2.0,"UEFA Nations League, League A, Gr. 4"
7697189,18/19,1,2018-09-08 18:45:00+00:00,finished,Luxembourg,Moldova,4.0,0.0,"UEFA Nations League, League D, Gr. 2"
7697172,18/19,2,2018-09-09 13:00:00+00:00,finished,Ukraine,Slovakia,1.0,0.0,"UEFA Nations League, League B, Gr. 1"
7697178,18/19,2,2018-09-09 16:00:00+00:00,finished,Denmark,Wales,2.0,0.0,"UEFA Nations League, League B, Gr. 4"
7697187,18/19,2,2018-09-09 16:00:00+00:00,finished,Bulgaria,Norway,1.0,0.0,"UEFA Nations League, League C, Gr. 3"
7697194,18/19,2,2018-09-09 16:00:00+00:00,finished,Georgia,Latvia,1.0,0.0,"UEFA Nations League, League D, Gr. 1"
7697185,18/19,2,2018-09-09 16:00:00+00:00,finished,North Macedonia,Armenia,2.0,0.0,"UEFA Nations League, League D, Gr. 4"
7697168,18/19,2,2018-09-09 18:45:00+00:00,finished,France,Netherlands,2.0,1.0,"UEFA Nations League, League A, Gr. 1"
7697186,18/19,2,2018-09-09 18:45:00+00:00,finished,Cyprus,Slovenia,2.0,1.0,"UEFA Nations League, League C, Gr. 3"
7697188,18/19,2,2018-09-09 18:45:00+00:00,finished,Liechtenstein,Gibraltar,2.0,0.0,"UEFA Nations League, League D, Gr. 4"
7697213,18/19,2,2018-09-10 18:45:00+00:00,finished,Kosovo,Faroe Islands,2.0,0.0,"UEFA Nations League, League D, Gr. 3"
7697204,18/19,2,2018-09-10 18:45:00+00:00,finished,Andorra,Kazakhstan,1.0,1.0,"UEFA Nations League, League D, Gr. 1"
7697215,18/19,2,2018-09-10 18:45:00+00:00,finished,Malta,Azerbaijan,1.0,1.0,"UEFA Nations League, League D, Gr. 3"
7697207,18/19,2,2018-09-10 18:45:00+00:00,finished,Montenegro,Lithuania,2.0,0.0,"UEFA Nations League, League C, Gr. 4"
7697200,18/19,2,2018-09-10 18:45:00+00:00,finished,Portugal,Italy,1.0,0.0,"UEFA Nations League, League A, Gr. 3"
7697206,18/19,2,2018-09-10 18:45:00+00:00,finished,Serbia,Romania,2.0,2.0,"UEFA Nations League, League C, Gr. 4"
7697205,18/19,2,2018-09-10 18:45:00+00:00,finished,Scotland,Albania,2.0,0.0,"UEFA Nations League, League C, Gr. 1"
7697202,18/19,2,2018-09-10 18:45:00+00:00,finished,Sweden,Türkiye,2.0,3.0,"UEFA Nations League, League B, Gr. 2"
7697199,18/19,2,2018-09-11 18:45:00+00:00,finished,Iceland,Belgium,0.0,3.0,"UEFA Nations League, League A, Gr. 2"
7697201,18/19,2,2018-09-11 18:45:00+00:00,finished,Spain,Croatia,6.0,0.0,"UEFA Nations League, League A, Gr. 4"
7697203,18/19,2,2018-09-11 18:45:00+00:00,finished,Bosnia & Herzegovina,Austria,1.0,0.0,"UEFA Nations League, League B, Gr. 3"
7697211,18/19,2,2018-09-11 18:45:00+00:00,finished,Finland,Estonia,1.0,0.0,"UEFA Nations League, League C, Gr. 2"
7697210,18/19,2,2018-09-11 18:45:00+00:00,finished,Hungary,Greece,2.0,1.0,"UEFA Nations League, League C, Gr. 2"
7697212,18/19,2,2018-09-11 18:45:00+00:00,finished,Moldova,Belarus,0.0,0.0,"UEFA Nations League, League D, Gr. 2"
7697208,18/19,2,2018-09-11 18:45:00+00:00,finished,San Marino,Luxembourg,0.0,3.0,"UEFA Nations League, League D, Gr. 2"
7697219,18/19,3,2018-10-11 18:45:00+00:00,finished,Poland,Portugal,2.0,3.0,"UEFA Nations League, League A, Gr. 3"
7697234,18/19,3,2018-10-11 18:45:00+00:00,finished,Israel,Scotland,2.0,1.0,"UEFA Nations League, League C, Gr. 1"
7697244,18/19,3,2018-10-11 18:45:00+00:00,finished,Lithuania,Romania,1.0,2.0,"UEFA Nations League, League C, Gr. 4"
7697242,18/19,3,2018-10-11 18:45:00+00:00,finished,Montenegro,Serbia,0.0,2.0,"UEFA Nations League, League C, Gr. 4"
7697252,18/19,3,2018-10-11 18:45:00+00:00,finished,Faroe Islands,Azerbaijan,0.0,3.0,"UEFA Nations League, League D, Gr. 3"
7697255,18/19,3,2018-10-11 18:45:00+00:00,finished,Kosovo,Malta,3.0,1.0,"UEFA Nations League, League D, Gr. 3"
7697222,18/19,3,2018-10-11 19:45:00+00:00,finished,Russia,Sweden,0.0,0.0,"UEFA Nations League, League B, Gr. 2"
7697223,18/19,3,2018-10-12 18:45:00+00:00,finished,Austria,Northern Ireland,1.0,0.0,"UEFA Nations League, League B, Gr. 3"
7697233,18/19,3,2018-10-12 18:45:00+00:00,finished,Estonia,Finland,0.0,1.0,"UEFA Nations League, League C, Gr. 2"
7697232,18/19,3,2018-10-12 18:45:00+00:00,finished,Greece,Hungary,1.0,0.0,"UEFA Nations League, League C, Gr. 2"
7697251,18/19,3,2018-10-12 18:45:00+00:00,finished,Belarus,Luxembourg,1.0,0.0,"UEFA Nations League, League D, Gr. 2"
7697256,18/19,3,2018-10-12 18:45:00+00:00,finished,Moldova,San Marino,2.0,0.0,"UEFA Nations League, League D, Gr. 2"
7697214,18/19,3,2018-10-12 18:45:00+00:00,finished,Belgium,Switzerland,2.0,1.0,"UEFA Nations League, League A, Gr. 2"
7697220,18/19,3,2018-10-12 18:45:00+00:00,finished,Croatia,England,0.0,0.0,"UEFA Nations League, League A, Gr. 4"
7697221,18/19,3,2018-10-13 13:00:00+00:00,finished,Slovakia,Czechia,1.0,2.0,"UEFA Nations League, League B, Gr. 1"
7697238,18/19,3,2018-10-13 16:00:00+00:00,finished,Norway,Slovenia,1.0,0.0,"UEFA Nations League, League C, Gr. 3"
7697241,18/19,3,2018-10-13 16:00:00+00:00,finished,Georgia,Andorra,3.0,0.0,"UEFA Nations League, League D, Gr. 1"
7697243,18/19,3,2018-10-13 16:00:00+00:00,finished,Latvia,Kazakhstan,1.0,1.0,"UEFA Nations League, League D, Gr. 1"
7697259,18/19,3,2018-10-13 16:00:00+00:00,finished,Armenia,Gibraltar,0.0,1.0,"UEFA Nations League, League D, Gr. 4"
7697216,18/19,3,2018-10-13 18:45:00+00:00,finished,Netherlands,Germany,3.0,0.0,"UEFA Nations League, League A, Gr. 1"
7697231,18/19,3,2018-10-13 18:45:00+00:00,finished,Ireland,Denmark,0.0,0.0,"UEFA Nations League, League B, Gr. 4"
7697239,18/19,3,2018-10-13 18:45:00+00:00,finished,Bulgaria,Cyprus,2.0,1.0,"UEFA Nations League, League C, Gr. 3"
7697260,18/19,3,2018-10-13 18:45:00+00:00,finished,North Macedonia,Liechtenstein,4.0,1.0,"UEFA Nations League, League D, Gr. 4"
7697247,18/19,4,2018-10-14 13:00:00+00:00,finished,Romania,Serbia,0.0,0.0,"UEFA Nations League, League C, Gr. 4"
7697227,18/19,4,2018-10-14 16:00:00+00:00,finished,Russia,Türkiye,2.0,0.0,"UEFA Nations League, League B, Gr. 2"
7697253,18/19,4,2018-10-14 16:00:00+00:00,finished,Azerbaijan,Malta,1.0,1.0,"UEFA Nations League, League D, Gr. 3"
7697258,18/19,4,2018-10-14 16:00:00+00:00,finished,Faroe Islands,Kosovo,1.0,1.0,"UEFA Nations League, League D, Gr. 3"
7888071,18/19,4,2018-10-14 18:45:00+00:00,finished,Israel,Albania,2.0,0.0,"UEFA Nations League, League C, Gr. 1"
7697248,18/19,4,2018-10-14 18:45:00+00:00,finished,Lithuania,Montenegro,1.0,4.0,"UEFA Nations League, League C, Gr. 4"
7697218,18/19,4,2018-10-14 18:45:00+00:00,finished,Poland,Italy,0.0,1.0,"UEFA Nations League, League A, Gr. 3"
7697267,18/19,4,2018-10-15 18:45:00+00:00,finished,Iceland,Switzerland,1.0,2.0,"UEFA Nations League, League A, Gr. 2"
7697264,18/19,4,2018-10-15 18:45:00+00:00,finished,Spain,England,2.0,3.0,"UEFA Nations League, League A, Gr. 4"
7697261,18/19,4,2018-10-15 18:45:00+00:00,finished,Bosnia & Herzegovina,Northern Ireland,2.0,0.0,"UEFA Nations League, League B, Gr. 3"
7697262,18/19,4,2018-10-15 18:45:00+00:00,finished,Estonia,Hungary,3.0,3.0,"UEFA Nations League, League C, Gr. 2"
7697270,18/19,4,2018-10-15 18:45:00+00:00,finished,Finland,Greece,2.0,0.0,"UEFA Nations League, League C, Gr. 2"
7697273,18/19,4,2018-10-15 18:45:00+00:00,finished,Belarus,Moldova,0.0,0.0,"UEFA Nations League, League D, Gr. 2"
7697276,18/19,4,2018-10-15 18:45:00+00:00,finished,Luxembourg,San Marino,3.0,0.0,"UEFA Nations League, League D, Gr. 2"
7697281,18/19,4,2018-10-16 14:00:00+00:00,finished,Kazakhstan,Andorra,4.0,0.0,"UEFA Nations League, League D, Gr. 1"
7697274,18/19,4,2018-10-16 16:00:00+00:00,finished,Armenia,North Macedonia,4.0,0.0,"UEFA Nations League, League D, Gr. 4"
7697275,18/19,4,2018-10-16 18:45:00+00:00,finished,Gibraltar,Liechtenstein,2.0,1.0,"UEFA Nations League, League D, Gr. 4"
7697279,18/19,4,2018-10-16 18:45:00+00:00,finished,Latvia,Georgia,0.0,3.0,"UEFA Nations League, League D, Gr. 1"
7697277,18/19,4,2018-10-16 18:45:00+00:00,finished,Slovenia,Cyprus,1.0,1.0,"UEFA Nations League, League C, Gr. 3"
7697269,18/19,4,2018-10-16 18:45:00+00:00,finished,Ireland,Wales,0.0,1.0,"UEFA Nations League, League B, Gr. 4"
7697266,18/19,4,2018-10-16 18:45:00+00:00,finished,Ukraine,Czechia,1.0,0.0,"UEFA Nations League, League B, Gr. 1"
7697265,18/19,4,2018-10-16 18:45:00+00:00,finished,France,Germany,2.0,1.0,"UEFA Nations League, League A, Gr. 1"
7697278,18/19,4,2018-10-16 18:45:00+00:00,finished,Norway,Bulgaria,1.0,0.0,"UEFA Nations League, League C, Gr. 3"
7697286,18/19,5,2018-11-15 15:00:00+00:00,finished,Kazakhstan,Latvia,1.0,1.0,"UEFA Nations League, League D, Gr. 1"
7697306,18/19,5,2018-11-15 19:45:00+00:00,finished,Belgium,Iceland,2.0,0.0,"UEFA Nations League, League A, Gr. 2"
7697300,18/19,5,2018-11-15 19:45:00+00:00,finished,Croatia,Spain,3.0,2.0,"UEFA Nations League, League A, Gr. 4"
7697299,18/19,5,2018-11-15 19:45:00+00:00,finished,Austria,Bosnia & Herzegovina,0.0,0.0,"UEFA Nations League, League B, Gr. 3"
7697290,18/19,5,2018-11-15 19:45:00+00:00,finished,Greece,Finland,1.0,0.0,"UEFA Nations League, League C, Gr. 2"
7697287,18/19,5,2018-11-15 19:45:00+00:00,finished,Hungary,Estonia,2.0,0.0,"UEFA Nations League, League C, Gr. 2"
7697285,18/19,5,2018-11-15 19:45:00+00:00,finished,Andorra,Georgia,1.0,1.0,"UEFA Nations League, League D, Gr. 1"
7697282,18/19,5,2018-11-15 19:45:00+00:00,finished,Luxembourg,Belarus,0.0,2.0,"UEFA Nations League, League D, Gr. 2"
7697280,18/19,5,2018-11-15 19:45:00+00:00,finished,San Marino,Moldova,0.0,1.0,"UEFA Nations League, League D, Gr. 2"
7697263,18/19,5,2018-11-16 19:45:00+00:00,finished,Liechtenstein,North Macedonia,0.0,2.0,"UEFA Nations League, League D, Gr. 4"
7697268,18/19,5,2018-11-16 19:45:00+00:00,finished,Gibraltar,Armenia,2.0,6.0,"UEFA Nations League, League D, Gr. 4"
7697297,18/19,5,2018-11-16 19:45:00+00:00,finished,Wales,Denmark,1.0,2.0,"UEFA Nations League, League B, Gr. 4"
7697292,18/19,5,2018-11-16 19:45:00+00:00,finished,Cyprus,Bulgaria,1.0,1.0,"UEFA Nations League, League C, Gr. 3"
7697293,18/19,5,2018-11-16 19:45:00+00:00,finished,Slovenia,Norway,1.0,1.0,"UEFA Nations League, League C, Gr. 3"
7697305,18/19,5,2018-11-16 19:45:00+00:00,finished,Netherlands,France,2.0,0.0,"UEFA Nations League, League A, Gr. 1"
7697302,18/19,5,2018-11-16 19:45:00+00:00,finished,Slovakia,Ukraine,4.0,1.0,"UEFA Nations League, League B, Gr. 1"
7697289,18/19,5,2018-11-17 14:00:00+00:00,finished,Serbia,Montenegro,2.0,1.0,"UEFA Nations League, League C, Gr. 4"
7697296,18/19,5,2018-11-17 17:00:00+00:00,finished,Türkiye,Sweden,0.0,1.0,"UEFA Nations League, League B, Gr. 2"
7697271,18/19,5,2018-11-17 17:00:00+00:00,finished,Azerbaijan,Faroe Islands,2.0,0.0,"UEFA Nations League, League D, Gr. 3"
7697272,18/19,5,2018-11-17 17:00:00+00:00,finished,Malta,Kosovo,0.0,5.0,"UEFA Nations League, League D, Gr. 3"
7697307,18/19,5,2018-11-17 19:45:00+00:00,finished,Italy,Portugal,0.0,0.0,"UEFA Nations League, League A, Gr. 3"
7697295,18/19,5,2018-11-17 19:45:00+00:00,finished,Albania,Scotland,0.0,4.0,"UEFA Nations League, League C, Gr. 1"
7697288,18/19,5,2018-11-17 19:45:00+00:00,finished,Romania,Lithuania,3.0,0.0,"UEFA Nations League, League C, Gr. 4"
7697301,18/19,6,2018-11-18 14:00:00+00:00,finished,England,Croatia,2.0,1.0,"UEFA Nations League, League A, Gr. 4"
7697298,18/19,6,2018-11-18 17:00:00+00:00,finished,Northern Ireland,Austria,1.0,2.0,"UEFA Nations League, League B, Gr. 3"
7697284,18/19,6,2018-11-18 17:00:00+00:00,finished,Moldova,Luxembourg,1.0,1.0,"UEFA Nations League, League D, Gr. 2"
7697283,18/19,6,2018-11-18 17:00:00+00:00,finished,San Marino,Belarus,0.0,2.0,"UEFA Nations League, League D, Gr. 2"
7697291,18/19,6,2018-11-18 19:45:00+00:00,finished,Greece,Estonia,0.0,1.0,"UEFA Nations League, League C, Gr. 2"
7697294,18/19,6,2018-11-18 19:45:00+00:00,finished,Hungary,Finland,2.0,0.0,"UEFA Nations League, League C, Gr. 2"
7697304,18/19,6,2018-11-18 19:45:00+00:00,finished,Switzerland,Belgium,5.0,2.0,"UEFA Nations League, League A, Gr. 2"
7697229,18/19,6,2018-11-19 17:00:00+00:00,finished,Andorra,Latvia,0.0,0.0,"UEFA Nations League, League D, Gr. 1"
7697230,18/19,6,2018-11-19 17:00:00+00:00,finished,Georgia,Kazakhstan,2.0,1.0,"UEFA Nations League, League D, Gr. 1"
7697254,18/19,6,2018-11-19 19:45:00+00:00,finished,Germany,Netherlands,2.0,2.0,"UEFA Nations League, League A, Gr. 1"
7697250,18/19,6,2018-11-19 19:45:00+00:00,finished,Czechia,Slovakia,1.0,0.0,"UEFA Nations League, League B, Gr. 1"
7697246,18/19,6,2018-11-19 19:45:00+00:00,finished,Denmark,Ireland,0.0,0.0,"UEFA Nations League, League B, Gr. 4"
7697236,18/19,6,2018-11-19 19:45:00+00:00,finished,Bulgaria,Slovenia,1.0,1.0,"UEFA Nations League, League C, Gr. 3"
7697235,18/19,6,2018-11-19 19:45:00+00:00,finished,Cyprus,Norway,0.0,2.0,"UEFA Nations League, League C, Gr. 3"
7697224,18/19,6,2018-11-19 19:45:00+00:00,finished,Liechtenstein,Armenia,2.0,2.0,"UEFA Nations League, League D, Gr. 4"
7697228,18/19,6,2018-11-19 19:45:00+00:00,finished,North Macedonia,Gibraltar,4.0,0.0,"UEFA Nations League, League D, Gr. 4"
7697225,18/19,6,2018-11-20 19:45:00+00:00,finished,Malta,Faroe Islands,1.0,1.0,"UEFA Nations League, League D, Gr. 3"
7697249,18/19,6,2018-11-20 19:45:00+00:00,finished,Sweden,Russia,2.0,0.0,"UEFA Nations League, League B, Gr. 2"
7697245,18/19,6,2018-11-20 19:45:00+00:00,finished,Scotland,Israel,3.0,2.0,"UEFA Nations League, League C, Gr. 1"
7697240,18/19,6,2018-11-20 19:45:00+00:00,finished,Montenegro,Romania,0.0,1.0,"UEFA Nations League, League C, Gr. 4"
7697237,18/19,6,2018-11-20 19:45:00+00:00,finished,Serbia,Lithuania,4.0,1.0,"UEFA Nations League, League C, Gr. 4"
7697257,18/19,6,2018-11-20 19:45:00+00:00,finished,Portugal,Poland,1.0,1.0,"UEFA Nations League, League A, Gr. 3"
7697226,18/19,6,2018-11-20 19:45:00+00:00,finished,Kosovo,Azerbaijan,4.0,0.0,"UEFA Nations League, League D, Gr. 3"
8600839,20/21,1,2020-09-03 16:00:00+00:00,finished,Latvia,Andorra,0.0,0.0,"UEFA Nations League, League D, Gr. 1"
8600763,20/21,1,2020-09-03 18:45:00+00:00,finished,Germany,Spain,1.0,1.0,"UEFA Nations League, League A, Gr. 4"
8600814,20/21,1,2020-09-03 18:45:00+00:00,finished,Bulgaria,Ireland,1.0,1.0,"UEFA Nations League, League B, Gr. 4"
8600816,20/21,1,2020-09-03 18:45:00+00:00,finished,Finland,Wales,0.0,1.0,"UEFA Nations League, League B, Gr. 4"
8600843,20/21,1,2020-09-03 18:45:00+00:00,finished,Moldova,Kosovo,1.0,1.0,"UEFA Nations League, League C, Gr. 3"
8600844,20/21,1,2020-09-03 18:45:00+00:00,finished,Slovenia,Greece,0.0,0.0,"UEFA Nations League, League C, Gr. 3"
8600846,20/21,1,2020-09-03 18:45:00+00:00,finished,Faroe Islands,Malta,3.0,2.0,"UEFA Nations League, League D, Gr. 1"
8600731,20/21,1,2020-09-03 18:45:00+00:00,finished,Ukraine,Switzerland,2.0,1.0,"UEFA Nations League, League A, Gr. 4"
8600810,20/21,1,2020-09-03 18:45:00+00:00,finished,Türkiye,Hungary,0.0,1.0,"UEFA Nations League, League B, Gr. 3"
8600813,20/21,1,2020-09-03 18:45:00+00:00,finished,Russia,Serbia,3.0,1.0,"UEFA Nations League, League B, Gr. 3"
8600835,20/21,1,2020-09-04 16:00:00+00:00,finished,Lithuania,Kazakhstan,0.0,2.0,"UEFA Nations League, League C, Gr. 4"
8600730,20/21,1,2020-09-04 18:45:00+00:00,finished,Italy,Bosnia & Herzegovina,1.0,1.0,"UEFA Nations League, League A, Gr. 1"
8600742,20/21,1,2020-09-04 18:45:00+00:00,finished,Netherlands,Poland,1.0,0.0,"UEFA Nations League, League A, Gr. 1"
8600794,20/21,1,2020-09-04 18:45:00+00:00,finished,Norway,Austria,1.0,2.0,"UEFA Nations League, League B, Gr. 1"
8600767,20/21,1,2020-09-04 18:45:00+00:00,finished,Romania,Northern Ireland,1.0,1.0,"UEFA Nations League, League B, Gr. 1"
8600758,20/21,1,2020-09-04 18:45:00+00:00,finished,Scotland,Israel,1.0,1.0,"UEFA Nations League, League B, Gr. 2"
8600777,20/21,1,2020-09-04 18:45:00+00:00,finished,Slovakia,Czechia,1.0,3.0,"UEFA Nations League, League B, Gr. 2"
8600840,20/21,1,2020-09-04 18:45:00+00:00,finished,Belarus,Albania,0.0,2.0,"UEFA Nations League, League C, Gr. 4"
8600818,20/21,1,2020-09-05 13:00:00+00:00,finished,North Macedonia,Armenia,2.0,1.0,"UEFA Nations League, League C, Gr. 2"
8600841,20/21,1,2020-09-05 13:00:00+00:00,finished,Gibraltar,San Marino,1.0,0.0,"UEFA Nations League, League D, Gr. 2"
8600820,20/21,1,2020-09-05 16:00:00+00:00,finished,Cyprus,Montenegro,0.0,2.0,"UEFA Nations League, League C, Gr. 1"
8600817,20/21,1,2020-09-05 16:00:00+00:00,finished,Estonia,Georgia,0.0,1.0,"UEFA Nations League, League C, Gr. 2"
8600790,20/21,1,2020-09-05 16:00:00+00:00,finished,Iceland,England,0.0,1.0,"UEFA Nations League, League A, Gr. 2"
8600822,20/21,1,2020-09-05 16:00:00+00:00,finished,Azerbaijan,Luxembourg,1.0,2.0,"UEFA Nations League, League C, Gr. 1"
8600732,20/21,1,2020-09-05 18:45:00+00:00,finished,Denmark,Belgium,0.0,2.0,"UEFA Nations League, League A, Gr. 2"
8600740,20/21,1,2020-09-05 18:45:00+00:00,finished,Portugal,Croatia,4.0,1.0,"UEFA Nations League, League A, Gr. 3"
8600734,20/21,1,2020-09-05 18:45:00+00:00,finished,Sweden,France,0.0,1.0,"UEFA Nations League, League A, Gr. 3"
8600819,20/21,2,2020-09-06 13:00:00+00:00,finished,Wales,Bulgaria,1.0,0.0,"UEFA Nations League, League B, Gr. 4"
8600847,20/21,2,2020-09-06 13:00:00+00:00,finished,Andorra,Faroe Islands,0.0,1.0,"UEFA Nations League, League D, Gr. 1"
8600815,20/21,2,2020-09-06 16:00:00+00:00,finished,Ireland,Finland,0.0,1.0,"UEFA Nations League, League B, Gr. 4"
8600811,20/21,2,2020-09-06 16:00:00+00:00,finished,Hungary,Russia,2.0,3.0,"UEFA Nations League, League B, Gr. 3"
8600851,20/21,2,2020-09-06 16:00:00+00:00,finished,Slovenia,Moldova,1.0,0.0,"UEFA Nations League, League C, Gr. 3"
8600769,20/21,2,2020-09-06 18:45:00+00:00,finished,Switzerland,Germany,1.0,1.0,"UEFA Nations League, League A, Gr. 4"
8600838,20/21,2,2020-09-06 18:45:00+00:00,finished,Kosovo,Greece,1.0,2.0,"UEFA Nations League, League C, Gr. 3"
8600812,20/21,2,2020-09-06 18:45:00+00:00,finished,Serbia,Türkiye,0.0,0.0,"UEFA Nations League, League B, Gr. 3"
8600733,20/21,2,2020-09-06 18:45:00+00:00,finished,Spain,Ukraine,4.0,0.0,"UEFA Nations League, League A, Gr. 4"
8600845,20/21,2,2020-09-06 18:45:00+00:00,finished,Malta,Latvia,1.0,1.0,"UEFA Nations League, League D, Gr. 1"
8600834,20/21,2,2020-09-07 14:00:00+00:00,finished,Kazakhstan,Belarus,1.0,2.0,"UEFA Nations League, League C, Gr. 4"
8600876,20/21,2,2020-09-07 18:45:00+00:00,finished,Bosnia & Herzegovina,Poland,1.0,2.0,"UEFA Nations League, League A, Gr. 1"
8600871,20/21,2,2020-09-07 18:45:00+00:00,finished,Netherlands,Italy,0.0,1.0,"UEFA Nations League, League A, Gr. 1"
8600877,20/21,2,2020-09-07 18:45:00+00:00,finished,Austria,Romania,2.0,3.0,"UEFA Nations League, League B, Gr. 1"
8600886,20/21,2,2020-09-07 18:45:00+00:00,finished,Northern Ireland,Norway,1.0,5.0,"UEFA Nations League, League B, Gr. 1"
8600836,20/21,2,2020-09-07 18:45:00+00:00,finished,Czechia,Scotland,1.0,2.0,"UEFA Nations League, League B, Gr. 2"
8600837,20/21,2,2020-09-07 18:45:00+00:00,finished,Israel,Slovakia,1.0,1.0,"UEFA Nations League, League B, Gr. 2"
8600848,20/21,2,2020-09-07 18:45:00+00:00,finished,Albania,Lithuania,0.0,1.0,"UEFA Nations League, League C, Gr. 4"
8600850,20/21,2,2020-09-08 16:00:00+00:00,finished,Armenia,Estonia,2.0,0.0,"UEFA Nations League, League C, Gr. 2"
8600849,20/21,2,2020-09-08 16:00:00+00:00,finished,Georgia,North Macedonia,1.0,1.0,"UEFA Nations League, League C, Gr. 2"
8600882,20/21,2,2020-09-08 18:45:00+00:00,finished,France,Croatia,4.0,2.0,"UEFA Nations League, League A, Gr. 3"
8600833,20/21,2,2020-09-08 18:45:00+00:00,finished,San Marino,Liechtenstein,0.0,2.0,"UEFA Nations League, League D, Gr. 2"
8600842,20/21,2,2020-09-08 18:45:00+00:00,finished,Luxembourg,Montenegro,0.0,1.0,"UEFA Nations League, League C, Gr. 1"
8600832,20/21,2,2020-09-08 18:45:00+00:00,finished,Cyprus,Azerbaijan,0.0,1.0,"UEFA Nations League, League C, Gr. 1"
8600861,20/21,2,2020-09-08 18:45:00+00:00,finished,Denmark,England,0.0,0.0,"UEFA Nations League, League A, Gr. 2"
8600853,20/21,2,2020-09-08 18:45:00+00:00,finished,Belgium,Iceland,5.0,1.0,"UEFA Nations League, League A, Gr. 2"
8600875,20/21,2,2020-09-08 18:45:00+00:00,finished,Sweden,Portugal,0.0,2.0,"UEFA Nations League, League A, Gr. 3"
8600863,20/21,3,2020-10-10 13:00:00+00:00,finished,Luxembourg,Cyprus,2.0,0.0,"UEFA Nations League, League C, Gr. 1"
8600870,20/21,3,2020-10-10 13:00:00+00:00,finished,Montenegro,Azerbaijan,2.0,0.0,"UEFA Nations League, League C, Gr. 1"
8600872,20/21,3,2020-10-10 16:00:00+00:00,finished,Faroe Islands,Latvia,1.0,1.0,"UEFA Nations League, League D, Gr. 1"
8600859,20/21,3,2020-10-10 16:00:00+00:00,finished,Liechtenstein,Gibraltar,0.0,1.0,"UEFA Nations League, League D, Gr. 2"
8600869,20/21,3,2020-10-10 18:45:00+00:00,finished,Andorra,Malta,0.0,0.0,"UEFA Nations League, League D, Gr. 1"
8600751,20/21,3,2020-10-10 18:45:00+00:00,finished,Spain,Switzerland,1.0,0.0,"UEFA Nations League, League A, Gr. 4"
8600754,20/21,3,2020-10-10 18:45:00+00:00,finished,Ukraine,Germany,1.0,2.0,"UEFA Nations League, League A, Gr. 4"
8600880,20/21,3,2020-10-11 13:00:00+00:00,finished,Kazakhstan,Albania,0.0,0.0,"UEFA Nations League, League C, Gr. 4"
8600856,20/21,3,2020-10-11 13:00:00+00:00,finished,Ireland,Wales,0.0,0.0,"UEFA Nations League, League B, Gr. 4"
8600746,20/21,3,2020-10-11 16:00:00+00:00,finished,England,Belgium,2.0,1.0,"UEFA Nations League, League A, Gr. 2"
8600827,20/21,3,2020-10-11 16:00:00+00:00,finished,Croatia,Sweden,2.0,1.0,"UEFA Nations League, League A, Gr. 3"
8600766,20/21,3,2020-10-11 16:00:00+00:00,finished,Norway,Romania,4.0,0.0,"UEFA Nations League, League B, Gr. 1"
8600753,20/21,3,2020-10-11 16:00:00+00:00,finished,Bosnia & Herzegovina,Netherlands,0.0,0.0,"UEFA Nations League, League A, Gr. 1"
8600858,20/21,3,2020-10-11 16:00:00+00:00,finished,Finland,Bulgaria,2.0,0.0,"UEFA Nations League, League B, Gr. 4"
8600854,20/21,3,2020-10-11 16:00:00+00:00,finished,Armenia,Georgia,2.0,2.0,"UEFA Nations League, League C, Gr. 2"
8600860,20/21,3,2020-10-11 16:00:00+00:00,finished,Estonia,North Macedonia,3.0,3.0,"UEFA Nations League, League C, Gr. 2"
8600887,20/21,3,2020-10-11 16:00:00+00:00,finished,Lithuania,Belarus,2.0,2.0,"UEFA Nations League, League C, Gr. 4"
8600866,20/21,3,2020-10-11 18:45:00+00:00,finished,Greece,Moldova,2.0,0.0,"UEFA Nations League, League C, Gr. 3"
8600779,20/21,3,2020-10-11 18:45:00+00:00,finished,Poland,Italy,0.0,0.0,"UEFA Nations League, League A, Gr. 1"
8600736,20/21,3,2020-10-11 18:45:00+00:00,finished,Iceland,Denmark,0.0,3.0,"UEFA Nations League, League A, Gr. 2"
8600788,20/21,3,2020-10-11 18:45:00+00:00,finished,France,Portugal,0.0,0.0,"UEFA Nations League, League A, Gr. 3"
8600789,20/21,3,2020-10-11 18:45:00+00:00,finished,Northern Ireland,Austria,0.0,1.0,"UEFA Nations League, League B, Gr. 1"
8600741,20/21,3,2020-10-11 18:45:00+00:00,finished,Israel,Czechia,1.0,2.0,"UEFA Nations League, League B, Gr. 2"
8600791,20/21,3,2020-10-11 18:45:00+00:00,finished,Scotland,Slovakia,1.0,0.0,"UEFA Nations League, League B, Gr. 2"
8600830,20/21,3,2020-10-11 18:45:00+00:00,finished,Russia,Türkiye,1.0,1.0,"UEFA Nations League, League B, Gr. 3"
8600750,20/21,3,2020-10-11 18:45:00+00:00,finished,Serbia,Hungary,0.0,1.0,"UEFA Nations League, League B, Gr. 3"
8600868,20/21,3,2020-10-11 18:45:00+00:00,finished,Kosovo,Slovenia,0.0,1.0,"UEFA Nations League, League C, Gr. 3"
8600878,20/21,4,2020-10-13 16:00:00+00:00,finished,Azerbaijan,Cyprus,0.0,0.0,"UEFA Nations League, League C, Gr. 1"
8600883,20/21,4,2020-10-13 16:00:00+00:00,finished,Latvia,Malta,0.0,1.0,"UEFA Nations League, League D, Gr. 1"
8600795,20/21,4,2020-10-13 18:45:00+00:00,finished,Germany,Switzerland,3.0,3.0,"UEFA Nations League, League A, Gr. 4"
8600749,20/21,4,2020-10-13 18:45:00+00:00,finished,Ukraine,Spain,1.0,0.0,"UEFA Nations League, League A, Gr. 4"
8600879,20/21,4,2020-10-13 18:45:00+00:00,finished,Montenegro,Luxembourg,1.0,2.0,"UEFA Nations League, League C, Gr. 1"
8600881,20/21,4,2020-10-13 18:45:00+00:00,finished,Faroe Islands,Andorra,2.0,0.0,"UEFA Nations League, League D, Gr. 1"
8600867,20/21,4,2020-10-13 18:45:00+00:00,finished,Liechtenstein,San Marino,0.0,0.0,"UEFA Nations League, League D, Gr. 2"
8600862,20/21,4,2020-10-14 16:00:00+00:00,finished,Finland,Ireland,1.0,0.0,"UEFA Nations League, League B, Gr. 4"
8600888,20/21,4,2020-10-14 16:00:00+00:00,finished,Lithuania,Albania,0.0,0.0,"UEFA Nations League, League C, Gr. 4"
8600770,20/21,4,2020-10-14 18:45:00+00:00,finished,Türkiye,Serbia,2.0,2.0,"UEFA Nations League, League B, Gr. 3"
8600783,20/21,4,2020-10-14 18:45:00+00:00,finished,Russia,Hungary,0.0,0.0,"UEFA Nations League, League B, Gr. 3"
8600852,20/21,4,2020-10-14 18:45:00+00:00,finished,Bulgaria,Wales,0.0,1.0,"UEFA Nations League, League B, Gr. 4"
8600864,20/21,4,2020-10-14 18:45:00+00:00,finished,Estonia,Armenia,1.0,1.0,"UEFA Nations League, League C, Gr. 2"
8600828,20/21,4,2020-10-14 18:45:00+00:00,finished,Slovakia,Israel,2.0,3.0,"UEFA Nations League, League B, Gr. 2"
8600874,20/21,4,2020-10-14 18:45:00+00:00,finished,Greece,Kosovo,0.0,0.0,"UEFA Nations League, League C, Gr. 3"
8600865,20/21,4,2020-10-14 18:45:00+00:00,finished,Moldova,Slovenia,0.0,4.0,"UEFA Nations League, League C, Gr. 3"
8600885,20/21,4,2020-10-14 18:45:00+00:00,finished,Belarus,Kazakhstan,2.0,0.0,"UEFA Nations League, League C, Gr. 4"
8600857,20/21,4,2020-10-14 18:45:00+00:00,finished,North Macedonia,Georgia,1.0,1.0,"UEFA Nations League, League C, Gr. 2"
8600757,20/21,4,2020-10-14 18:45:00+00:00,finished,Scotland,Czechia,1.0,0.0,"UEFA Nations League, League B, Gr. 2"
8600780,20/21,4,2020-10-14 18:45:00+00:00,finished,Norway,Northern Ireland,1.0,0.0,"UEFA Nations League, League B, Gr. 1"
8600774,20/21,4,2020-10-14 18:45:00+00:00,finished,Portugal,Sweden,3.0,0.0,"UEFA Nations League, League A, Gr. 3"
8600755,20/21,4,2020-10-14 18:45:00+00:00,finished,Croatia,France,1.0,2.0,"UEFA Nations League, League A, Gr. 3"
8600748,20/21,4,2020-10-14 18:45:00+00:00,finished,Iceland,Belgium,1.0,2.0,"UEFA Nations League, League A, Gr. 2"
8600764,20/21,4,2020-10-14 18:45:00+00:00,finished,England,Denmark,0.0,1.0,"UEFA Nations League, League A, Gr. 2"
8600796,20/21,4,2020-10-14 18:45:00+00:00,finished,Poland,Bosnia & Herzegovina,3.0,0.0,"UEFA Nations League, League A, Gr. 1"
8600821,20/21,4,2020-10-14 18:45:00+00:00,finished,Italy,Netherlands,1.0,1.0,"UEFA Nations League, League A, Gr. 1"
8600786,20/21,4,2020-10-14 18:45:00+00:00,finished,Romania,Austria,0.0,1.0,"UEFA Nations League, League B, Gr. 1"
8600855,20/21,5,2020-11-14 14:00:00+00:00,finished,San Marino,Gibraltar,0.0,0.0,"UEFA Nations League, League D, Gr. 2"
8600884,20/21,5,2020-11-14 14:00:00+00:00,finished,Malta,Andorra,3.0,1.0,"UEFA Nations League, League D, Gr. 1"
8600899,20/21,5,2020-11-14 17:00:00+00:00,finished,Cyprus,Luxembourg,2.0,1.0,"UEFA Nations League, League C, Gr. 1"
8600897,20/21,5,2020-11-14 17:00:00+00:00,finished,Azerbaijan,Montenegro,0.0,0.0,"UEFA Nations League, League C, Gr. 1"
8600873,20/21,5,2020-11-14 17:00:00+00:00,finished,Latvia,Faroe Islands,1.0,1.0,"UEFA Nations League, League D, Gr. 1"
8600739,20/21,5,2020-11-14 19:45:00+00:00,finished,Portugal,France,0.0,1.0,"UEFA Nations League, League A, Gr. 3"
8600776,20/21,5,2020-11-14 19:45:00+00:00,finished,Sweden,Croatia,2.0,1.0,"UEFA Nations League, League A, Gr. 3"
8600771,20/21,5,2020-11-14 19:45:00+00:00,finished,Germany,Ukraine,3.0,1.0,"UEFA Nations League, League A, Gr. 4"
8600829,20/21,5,2020-11-14 19:45:00+00:00,finished,Switzerland,Spain,1.0,1.0,"UEFA Nations League, League A, Gr. 4"
8600825,20/21,5,2020-11-15 14:00:00+00:00,finished,Slovakia,Scotland,1.0,0.0,"UEFA Nations League, League B, Gr. 2"
8600890,20/21,5,2020-11-15 14:00:00+00:00,finished,North Macedonia,Estonia,2.0,1.0,"UEFA Nations League, League C, Gr. 2"
8600889,20/21,5,2020-11-15 17:00:00+00:00,finished,Georgia,Armenia,1.0,2.0,"UEFA Nations League, League C, Gr. 2"
8600898,20/21,5,2020-11-15 17:00:00+00:00,finished,Albania,Kazakhstan,3.0,1.0,"UEFA Nations League, League C, Gr. 4"
8600896,20/21,5,2020-11-15 17:00:00+00:00,finished,Wales,Ireland,1.0,0.0,"UEFA Nations League, League B, Gr. 4"
8600893,20/21,5,2020-11-15 17:00:00+00:00,finished,Bulgaria,Finland,1.0,2.0,"UEFA Nations League, League B, Gr. 4"
8600900,20/21,5,2020-11-15 17:00:00+00:00,finished,Belarus,Lithuania,2.0,0.0,"UEFA Nations League, League C, Gr. 4"
8600826,20/21,5,2020-11-15 17:00:00+00:00,finished,Netherlands,Bosnia & Herzegovina,3.0,1.0,"UEFA Nations League, League A, Gr. 1"
8600831,20/21,5,2020-11-15 17:00:00+00:00,finished,Türkiye,Russia,3.0,2.0,"UEFA Nations League, League B, Gr. 3"
8600902,20/21,5,2020-11-15 19:45:00+00:00,finished,Slovenia,Kosovo,2.0,1.0,"UEFA Nations League, League C, Gr. 3"
8600894,20/21,5,2020-11-15 19:45:00+00:00,finished,Moldova,Greece,0.0,2.0,"UEFA Nations League, League C, Gr. 3"
8600824,20/21,5,2020-11-15 19:45:00+00:00,finished,Hungary,Serbia,1.0,1.0,"UEFA Nations League, League B, Gr. 3"
8600762,20/21,5,2020-11-15 19:45:00+00:00,finished,Austria,Northern Ireland,2.0,1.0,"UEFA Nations League, League B, Gr. 1"
8600785,20/21,5,2020-11-15 19:45:00+00:00,finished,Romania,Norway,3.0,0.0,"UEFA Nations League, League B, Gr. 1"
8600823,20/21,5,2020-11-15 19:45:00+00:00,finished,Belgium,England,2.0,0.0,"UEFA Nations League, League A, Gr. 2"
8600743,20/21,5,2020-11-15 19:45:00+00:00,finished,Denmark,Iceland,2.0,1.0,"UEFA Nations League, League A, Gr. 2"
8600782,20/21,5,2020-11-15 19:45:00+00:00,finished,Czechia,Israel,1.0,0.0,"UEFA Nations League, League B, Gr. 2"
8600772,20/21,5,2020-11-15 19:45:00+00:00,finished,Italy,Poland,2.0,0.0,"UEFA Nations League, League A, Gr. 1"
8600892,20/21,6,2020-11-17 19:45:00+00:00,finished,Luxembourg,Azerbaijan,0.0,0.0,"UEFA Nations League, League C, Gr. 1"
8600745,20/21,6,2020-11-17 19:45:00+00:00,postponed,Switzerland,Ukraine,3.0,0.0,"UEFA Nations League, League A, Gr. 4"
8600781,20/21,6,2020-11-17 19:45:00+00:00,finished,Spain,Germany,6.0,0.0,"UEFA Nations League, League A, Gr. 4"
8600775,20/21,6,2020-11-17 19:45:00+00:00,finished,Croatia,Portugal,2.0,3.0,"UEFA Nations League, League A, Gr. 3"
8600735,20/21,6,2020-11-17 19:45:00+00:00,finished,France,Sweden,4.0,2.0,"UEFA Nations League, League A, Gr. 3"
8600895,20/21,6,2020-11-17 19:45:00+00:00,finished,Montenegro,Cyprus,4.0,0.0,"UEFA Nations League, League C, Gr. 1"
8600909,20/21,6,2020-11-17 19:45:00+00:00,finished,Andorra,Latvia,0.0,5.0,"UEFA Nations League, League D, Gr. 1"
8600907,20/21,6,2020-11-17 19:45:00+00:00,finished,Malta,Faroe Islands,1.0,1.0,"UEFA Nations League, League D, Gr. 1"
8600906,20/21,6,2020-11-17 19:45:00+00:00,finished,Gibraltar,Liechtenstein,1.0,1.0,"UEFA Nations League, League D, Gr. 2"
8600901,20/21,6,2020-11-18 15:00:00+00:00,finished,Albania,Belarus,3.0,2.0,"UEFA Nations League, League C, Gr. 4"
8600891,20/21,6,2020-11-18 15:00:00+00:00,finished,Kazakhstan,Lithuania,1.0,2.0,"UEFA Nations League, League C, Gr. 4"
8600912,20/21,6,2020-11-18 17:00:00+00:00,finished,Armenia,North Macedonia,1.0,0.0,"UEFA Nations League, League C, Gr. 2"
8600904,20/21,6,2020-11-18 17:00:00+00:00,finished,Georgia,Estonia,0.0,0.0,"UEFA Nations League, League C, Gr. 2"
8600784,20/21,6,2020-11-18 19:45:00+00:00,finished,Czechia,Slovakia,2.0,0.0,"UEFA Nations League, League B, Gr. 2"
8600908,20/21,6,2020-11-18 19:45:00+00:00,finished,Kosovo,Moldova,1.0,0.0,"UEFA Nations League, League C, Gr. 3"
8600905,20/21,6,2020-11-18 19:45:00+00:00,finished,Greece,Slovenia,0.0,0.0,"UEFA Nations League, League C, Gr. 3"
8600911,20/21,6,2020-11-18 19:45:00+00:00,finished,Wales,Finland,3.0,1.0,"UEFA Nations League, League B, Gr. 4"
8600910,20/21,6,2020-11-18 19:45:00+00:00,finished,Ireland,Bulgaria,0.0,0.0,"UEFA Nations League, League B, Gr. 4"
8600768,20/21,6,2020-11-18 19:45:00+00:00,finished,Serbia,Russia,5.0,0.0,"UEFA Nations League, League B, Gr. 3"
8600765,20/21,6,2020-11-18 19:45:00+00:00,finished,Hungary,Türkiye,2.0,0.0,"UEFA Nations League, League B, Gr. 3"
8600744,20/21,6,2020-11-18 19:45:00+00:00,finished,Israel,Scotland,1.0,0.0,"UEFA Nations League, League B, Gr. 2"
8600787,20/21,6,2020-11-18 19:45:00+00:00,finished,England,Iceland,4.0,0.0,"UEFA Nations League, League A, Gr. 2"
8600747,20/21,6,2020-11-18 19:45:00+00:00,finished,Northern Ireland,Romania,1.0,1.0,"UEFA Nations League, League B, Gr. 1"
8600778,20/21,6,2020-11-18 19:45:00+00:00,finished,Austria,Norway,1.0,1.0,"UEFA Nations League, League B, Gr. 1"
8600792,20/21,6,2020-11-18 19:45:00+00:00,finished,Belgium,Denmark,4.0,2.0,"UEFA Nations League, League A, Gr. 2"
8600797,20/21,6,2020-11-18 19:45:00+00:00,finished,Poland,Netherlands,1.0,2.0,"UEFA Nations League, League A, Gr. 1"
8600760,20/21,6,2020-11-18 19:45:00+00:00,finished,Bosnia & Herzegovina,Italy,0.0,2.0,"UEFA Nations League, League A, Gr. 1"
10023336,22/23,1,2022-06-01 16:00:00+00:00,finished,Poland,Wales,2.0,1.0,"UEFA Nations League, League A, Gr. 4"
10023380,22/23,1,2022-06-02 16:00:00+00:00,finished,Georgia,Gibraltar,4.0,0.0,"UEFA Nations League, League C, Gr. 4"
10023417,22/23,1,2022-06-02 16:00:00+00:00,finished,Bulgaria,North Macedonia,1.0,1.0,"UEFA Nations League, League C, Gr. 4"
10225901,22/23,1,2022-06-02 16:00:00+00:00,finished,Estonia,San Marino,2.0,0.0,"UEFA Nations League, League D, Gr. 2"
10225877,22/23,1,2022-06-02 16:00:00+00:00,finished,Cyprus,Kosovo,0.0,2.0,"UEFA Nations League, League C, Gr. 2"
10023371,22/23,1,2022-06-02 18:45:00+00:00,finished,Serbia,Norway,0.0,1.0,"UEFA Nations League, League B, Gr. 4"
10023406,22/23,1,2022-06-02 18:45:00+00:00,finished,Northern Ireland,Greece,0.0,1.0,"UEFA Nations League, League C, Gr. 2"
10023346,22/23,1,2022-06-02 18:45:00+00:00,finished,Slovenia,Sweden,0.0,2.0,"UEFA Nations League, League B, Gr. 4"
10023320,22/23,1,2022-06-02 18:45:00+00:00,finished,Israel,Iceland,2.0,2.0,"UEFA Nations League, League B, Gr. 2"
10023335,22/23,1,2022-06-02 18:45:00+00:00,canceled,Albania,Russia,,,"UEFA Nations League, League B, Gr. 2"
10023333,22/23,1,2022-06-02 18:45:00+00:00,finished,Spain,Portugal,1.0,1.0,"UEFA Nations League, League A, Gr. 2"
10023331,22/23,1,2022-06-02 18:45:00+00:00,finished,Czechia,Switzerland,2.0,1.0,"UEFA Nations League, League A, Gr. 2"
10225893,22/23,1,2022-06-03 14:00:00+00:00,finished,Kazakhstan,Azerbaijan,2.0,0.0,"UEFA Nations League, League C, Gr. 3"
10023393,22/23,1,2022-06-03 16:00:00+00:00,finished,Latvia,Andorra,3.0,0.0,"UEFA Nations League, League D, Gr. 1"
10023384,22/23,1,2022-06-03 18:45:00+00:00,finished,Croatia,Austria,0.0,3.0,"UEFA Nations League, League A, Gr. 1"
10023340,22/23,1,2022-06-03 18:45:00+00:00,finished,France,Denmark,1.0,2.0,"UEFA Nations League, League A, Gr. 1"
10023414,22/23,1,2022-06-03 18:45:00+00:00,finished,Belgium,Netherlands,1.0,4.0,"UEFA Nations League, League A, Gr. 4"
10023390,22/23,1,2022-06-03 18:45:00+00:00,finished,Belarus,Slovakia,0.0,1.0,"UEFA Nations League, League C, Gr. 3"
10225882,22/23,1,2022-06-03 18:45:00+00:00,finished,Liechtenstein,Moldova,0.0,2.0,"UEFA Nations League, League D, Gr. 1"
10023407,22/23,2,2022-06-04 13:00:00+00:00,finished,Armenia,Ireland,1.0,0.0,"UEFA Nations League, League B, Gr. 1"
10023314,22/23,1,2022-06-04 16:00:00+00:00,finished,Lithuania,Luxembourg,0.0,2.0,"UEFA Nations League, League C, Gr. 1"
10023441,22/23,1,2022-06-04 16:00:00+00:00,finished,Finland,Bosnia & Herzegovina,1.0,1.0,"UEFA Nations League, League B, Gr. 3"
10023447,22/23,1,2022-06-04 16:00:00+00:00,finished,Hungary,England,1.0,0.0,"UEFA Nations League, League A, Gr. 3"
10023373,22/23,1,2022-06-04 18:45:00+00:00,finished,Italy,Germany,1.0,1.0,"UEFA Nations League, League A, Gr. 3"
10023388,22/23,1,2022-06-04 18:45:00+00:00,finished,Montenegro,Romania,2.0,0.0,"UEFA Nations League, League B, Gr. 3"
10023329,22/23,1,2022-06-04 18:45:00+00:00,finished,Türkiye,Faroe Islands,4.0,0.0,"UEFA Nations League, League C, Gr. 1"
10023345,22/23,2,2022-06-05 13:00:00+00:00,finished,San Marino,Malta,0.0,2.0,"UEFA Nations League, League D, Gr. 2"
10023440,22/23,2,2022-06-05 16:00:00+00:00,finished,Gibraltar,North Macedonia,0.0,2.0,"UEFA Nations League, League C, Gr. 4"
10225878,22/23,2,2022-06-05 16:00:00+00:00,finished,Cyprus,Northern Ireland,0.0,0.0,"UEFA Nations League, League C, Gr. 2"
10023403,22/23,2,2022-06-05 18:45:00+00:00,finished,Kosovo,Greece,0.0,1.0,"UEFA Nations League, League C, Gr. 2"
10023349,22/23,2,2022-06-05 18:45:00+00:00,finished,Sweden,Norway,1.0,2.0,"UEFA Nations League, League B, Gr. 4"
10023401,22/23,2,2022-06-05 18:45:00+00:00,finished,Bulgaria,Georgia,2.0,5.0,"UEFA Nations League, League C, Gr. 4"
10023412,22/23,2,2022-06-05 18:45:00+00:00,finished,Serbia,Slovenia,4.0,1.0,"UEFA Nations League, League B, Gr. 4"
10023394,22/23,2,2022-06-05 18:45:00+00:00,finished,Portugal,Switzerland,4.0,0.0,"UEFA Nations League, League A, Gr. 2"
10023385,22/23,2,2022-06-05 18:45:00+00:00,finished,Czechia,Spain,2.0,2.0,"UEFA Nations League, League A, Gr. 2"
10023367,22/23,2,2022-06-06 16:00:00+00:00,finished,Latvia,Liechtenstein,1.0,0.0,"UEFA Nations League, League D, Gr. 1"
10225892,22/23,2,2022-06-06 18:45:00+00:00,finished,Slovakia,Kazakhstan,0.0,1.0,"UEFA Nations League, League C, Gr. 3"
10225886,22/23,2,2022-06-06 18:45:00+00:00,finished,Andorra,Moldova,0.0,0.0,"UEFA Nations League, League D, Gr. 1"
10023398,22/23,2,2022-06-06 18:45:00+00:00,canceled,Israel,Russia,,,"UEFA Nations League, League B, Gr. 2"
10023375,22/23,2,2022-06-06 18:45:00+00:00,finished,Iceland,Albania,1.0,1.0,"UEFA Nations League, League B, Gr. 2"
10023408,22/23,2,2022-06-06 18:45:00+00:00,finished,Belarus,Azerbaijan,0.0,0.0,"UEFA Nations League, League C, Gr. 3"
10023453,22/23,2,2022-06-06 18:45:00+00:00,finished,Austria,Denmark,1.0,2.0,"UEFA Nations League, League A, Gr. 1"
10023295,22/23,2,2022-06-06 18:45:00+00:00,finished,Croatia,France,1.0,1.0,"UEFA Nations League, League A, Gr. 1"
10023396,22/23,2,2022-06-07 16:00:00+00:00,finished,Finland,Montenegro,2.0,0.0,"UEFA Nations League, League B, Gr. 3"
10023341,22/23,2,2022-06-07 18:45:00+00:00,finished,Faroe Islands,Luxembourg,0.0,1.0,"UEFA Nations League, League C, Gr. 1"
10023442,22/23,2,2022-06-07 18:45:00+00:00,finished,Bosnia & Herzegovina,Romania,1.0,0.0,"UEFA Nations League, League B, Gr. 3"
10023370,22/23,2,2022-06-07 18:45:00+00:00,finished,Italy,Hungary,2.0,1.0,"UEFA Nations League, League A, Gr. 3"
10023342,22/23,2,2022-06-07 18:45:00+00:00,finished,Lithuania,Türkiye,0.0,6.0,"UEFA Nations League, League C, Gr. 1"
10023351,22/23,2,2022-06-07 18:45:00+00:00,finished,Germany,England,1.0,1.0,"UEFA Nations League, League A, Gr. 3"
10023397,22/23,1,2022-06-08 18:45:00+00:00,finished,Ireland,Ukraine,0.0,1.0,"UEFA Nations League, League B, Gr. 1"
10023415,22/23,1,2022-06-08 18:45:00+00:00,finished,Scotland,Armenia,2.0,0.0,"UEFA Nations League, League B, Gr. 1"
10023334,22/23,2,2022-06-08 18:45:00+00:00,finished,Belgium,Poland,6.0,1.0,"UEFA Nations League, League A, Gr. 4"
10023381,22/23,2,2022-06-08 18:45:00+00:00,finished,Wales,Netherlands,1.0,2.0,"UEFA Nations League, League A, Gr. 4"
10023399,22/23,3,2022-06-09 18:45:00+00:00,finished,Gibraltar,Bulgaria,1.0,1.0,"UEFA Nations League, League C, Gr. 4"
10225902,22/23,3,2022-06-09 18:45:00+00:00,finished,Malta,Estonia,1.0,2.0,"UEFA Nations League, League D, Gr. 2"
10023306,22/23,3,2022-06-09 18:45:00+00:00,finished,Portugal,Czechia,2.0,0.0,"UEFA Nations League, League A, Gr. 2"
10023361,22/23,3,2022-06-09 18:45:00+00:00,finished,Switzerland,Spain,0.0,1.0,"UEFA Nations League, League A, Gr. 2"
10023435,22/23,3,2022-06-09 18:45:00+00:00,finished,Norway,Slovenia,0.0,0.0,"UEFA Nations League, League B, Gr. 4"
10023339,22/23,3,2022-06-09 18:45:00+00:00,finished,Sweden,Serbia,0.0,1.0,"UEFA Nations League, League B, Gr. 4"
10225880,22/23,3,2022-06-09 18:45:00+00:00,finished,Greece,Cyprus,3.0,0.0,"UEFA Nations League, League C, Gr. 2"
10023430,22/23,3,2022-06-09 18:45:00+00:00,finished,Kosovo,Northern Ireland,3.0,2.0,"UEFA Nations League, League C, Gr. 2"
10023382,22/23,3,2022-06-09 18:45:00+00:00,finished,North Macedonia,Georgia,0.0,3.0,"UEFA Nations League, League C, Gr. 4"
10225888,22/23,3,2022-06-10 16:00:00+00:00,finished,Moldova,Latvia,2.0,4.0,"UEFA Nations League, League D, Gr. 1"
10023422,22/23,3,2022-06-10 16:00:00+00:00,finished,Azerbaijan,Slovakia,0.0,1.0,"UEFA Nations League, League C, Gr. 3"
10023445,22/23,3,2022-06-10 18:45:00+00:00,finished,Austria,France,1.0,1.0,"UEFA Nations League, League A, Gr. 1"
10023425,22/23,3,2022-06-10 18:45:00+00:00,finished,Denmark,Croatia,0.0,1.0,"UEFA Nations League, League A, Gr. 1"
10023298,22/23,3,2022-06-10 18:45:00+00:00,finished,Albania,Israel,1.0,2.0,"UEFA Nations League, League B, Gr. 2"
10023360,22/23,3,2022-06-10 18:45:00+00:00,canceled,Russia,Iceland,,,"UEFA Nations League, League B, Gr. 2"
10225891,22/23,3,2022-06-10 18:45:00+00:00,finished,Belarus,Kazakhstan,1.0,1.0,"UEFA Nations League, League C, Gr. 3"
10023421,22/23,3,2022-06-10 18:45:00+00:00,finished,Andorra,Liechtenstein,2.0,1.0,"UEFA Nations League, League D, Gr. 1"
10023319,22/23,3,2022-06-11 13:00:00+00:00,finished,Ukraine,Armenia,3.0,0.0,"UEFA Nations League, League B, Gr. 1"
10023386,22/23,3,2022-06-11 16:00:00+00:00,finished,Faroe Islands,Lithuania,2.0,1.0,"UEFA Nations League, League C, Gr. 1"
10023405,22/23,3,2022-06-11 16:00:00+00:00,finished,Ireland,Scotland,3.0,0.0,"UEFA Nations League, League B, Gr. 1"
10023347,22/23,3,2022-06-11 18:45:00+00:00,finished,Luxembourg,Türkiye,0.0,2.0,"UEFA Nations League, League C, Gr. 1"
10023355,22/23,3,2022-06-11 18:45:00+00:00,finished,Romania,Finland,1.0,0.0,"UEFA Nations League, League B, Gr. 3"
10023428,22/23,3,2022-06-11 18:45:00+00:00,finished,Montenegro,Bosnia & Herzegovina,1.0,1.0,"UEFA Nations League, League B, Gr. 3"
10023337,22/23,3,2022-06-11 18:45:00+00:00,finished,Wales,Belgium,1.0,1.0,"UEFA Nations League, League A, Gr. 4"
10023404,22/23,3,2022-06-11 18:45:00+00:00,finished,Hungary,Germany,1.0,1.0,"UEFA Nations League, League A, Gr. 3"
10023294,22/23,3,2022-06-11 18:45:00+00:00,finished,England,Italy,0.0,0.0,"UEFA Nations League, League A, Gr. 3"
10023358,22/23,3,2022-06-11 18:45:00+00:00,finished,Netherlands,Poland,2.0,2.0,"UEFA Nations League, League A, Gr. 4"
10225876,22/23,4,2022-06-12 13:00:00+00:00,finished,Northern Ireland,Cyprus,2.0,2.0,"UEFA Nations League, League C, Gr. 2"
10023307,22/23,4,2022-06-12 16:00:00+00:00,finished,North Macedonia,Gibraltar,4.0,0.0,"UEFA Nations League, League C, Gr. 4"
10023327,22/23,4,2022-06-12 16:00:00+00:00,finished,Norway,Sweden,3.0,2.0,"UEFA Nations League, League B, Gr. 4"
10023366,22/23,4,2022-06-12 16:00:00+00:00,finished,Georgia,Bulgaria,0.0,0.0,"UEFA Nations League, League C, Gr. 4"
10023420,22/23,4,2022-06-12 18:45:00+00:00,finished,Spain,Czechia,2.0,0.0,"UEFA Nations League, League A, Gr. 2"
10023344,22/23,4,2022-06-12 18:45:00+00:00,finished,Malta,San Marino,1.0,0.0,"UEFA Nations League, League D, Gr. 2"
10024661,22/23,4,2022-06-12 18:45:00+00:00,finished,Switzerland,Portugal,1.0,0.0,"UEFA Nations League, League A, Gr. 2"
10023363,22/23,4,2022-06-12 18:45:00+00:00,finished,Greece,Kosovo,2.0,0.0,"UEFA Nations League, League C, Gr. 2"
10023446,22/23,4,2022-06-12 18:45:00+00:00,finished,Slovenia,Serbia,2.0,2.0,"UEFA Nations League, League B, Gr. 4"
10225889,22/23,4,2022-06-13 14:00:00+00:00,finished,Kazakhstan,Slovakia,2.0,1.0,"UEFA Nations League, League C, Gr. 3"
10023389,22/23,4,2022-06-13 16:00:00+00:00,finished,Azerbaijan,Belarus,2.0,0.0,"UEFA Nations League, League C, Gr. 3"
10023443,22/23,4,2022-06-13 18:45:00+00:00,finished,Denmark,Austria,2.0,0.0,"UEFA Nations League, League A, Gr. 1"
10023350,22/23,4,2022-06-13 18:45:00+00:00,finished,France,Croatia,0.0,1.0,"UEFA Nations League, League A, Gr. 1"
10024811,22/23,4,2022-06-13 18:45:00+00:00,finished,Iceland,Israel,2.0,2.0,"UEFA Nations League, League B, Gr. 2"
10024812,22/23,4,2022-06-13 18:45:00+00:00,canceled,Russia,Albania,,,"UEFA Nations League, League B, Gr. 2"
10023701,22/23,4,2022-06-14 16:00:00+00:00,finished,Armenia,Scotland,1.0,4.0,"UEFA Nations League, League B, Gr. 1"
10225884,22/23,4,2022-06-14 16:00:00+00:00,finished,Moldova,Andorra,2.0,1.0,"UEFA Nations League, League D, Gr. 1"
10023419,22/23,4,2022-06-14 18:45:00+00:00,finished,Netherlands,Wales,3.0,2.0,"UEFA Nations League, League A, Gr. 4"
10023296,22/23,4,2022-06-14 18:45:00+00:00,finished,England,Hungary,0.0,4.0,"UEFA Nations League, League A, Gr. 3"
10023354,22/23,4,2022-06-14 18:45:00+00:00,finished,Germany,Italy,5.0,2.0,"UEFA Nations League, League A, Gr. 3"
10023359,22/23,4,2022-06-14 18:45:00+00:00,finished,Poland,Belgium,0.0,1.0,"UEFA Nations League, League A, Gr. 4"
10023703,22/23,4,2022-06-14 18:45:00+00:00,finished,Ukraine,Ireland,1.0,1.0,"UEFA Nations League, League B, Gr. 1"
10024814,22/23,4,2022-06-14 18:45:00+00:00,finished,Bosnia & Herzegovina,Finland,3.0,2.0,"UEFA Nations League, League B, Gr. 3"
10024813,22/23,4,2022-06-14 18:45:00+00:00,finished,Romania,Montenegro,0.0,3.0,"UEFA Nations League, League B, Gr. 3"
10023343,22/23,4,2022-06-14 18:45:00+00:00,finished,Luxembourg,Faroe Islands,2.0,2.0,"UEFA Nations League, League C, Gr. 1"
10023369,22/23,4,2022-06-14 18:45:00+00:00,finished,Türkiye,Lithuania,2.0,0.0,"UEFA Nations League, League C, Gr. 1"
10023310,22/23,4,2022-06-14 18:45:00+00:00,finished,Liechtenstein,Latvia,0.0,2.0,"UEFA Nations League, League D, Gr. 1"
10023321,22/23,2,2022-09-21 18:45:00+00:00,finished,Scotland,Ukraine,3.0,0.0,"UEFA Nations League, League B, Gr. 1"
10225883,22/23,5,2022-09-22 14:00:00+00:00,finished,Kazakhstan,Belarus,2.0,1.0,"UEFA Nations League, League C, Gr. 3"
10225885,22/23,5,2022-09-22 16:00:00+00:00,finished,Latvia,Moldova,1.0,2.0,"UEFA Nations League, League D, Gr. 1"
10023365,22/23,5,2022-09-22 18:45:00+00:00,finished,Slovakia,Azerbaijan,1.0,2.0,"UEFA Nations League, League C, Gr. 3"
10023439,22/23,5,2022-09-22 18:45:00+00:00,finished,Croatia,Denmark,2.0,1.0,"UEFA Nations League, League A, Gr. 1"
10023318,22/23,5,2022-09-22 18:45:00+00:00,finished,Türkiye,Luxembourg,3.0,3.0,"UEFA Nations League, League C, Gr. 1"
10023427,22/23,5,2022-09-22 18:45:00+00:00,finished,Liechtenstein,Andorra,0.0,2.0,"UEFA Nations League, League D, Gr. 1"
10023352,22/23,5,2022-09-22 18:45:00+00:00,finished,Lithuania,Faroe Islands,1.0,1.0,"UEFA Nations League, League C, Gr. 1"
10023379,22/23,5,2022-09-22 18:45:00+00:00,finished,Belgium,Wales,2.0,1.0,"UEFA Nations League, League A, Gr. 4"
10023356,22/23,5,2022-09-22 18:45:00+00:00,finished,Poland,Netherlands,0.0,2.0,"UEFA Nations League, League A, Gr. 4"
10023387,22/23,5,2022-09-22 18:45:00+00:00,finished,France,Austria,2.0,0.0,"UEFA Nations League, League A, Gr. 1"
10023426,22/23,5,2022-09-23 16:00:00+00:00,finished,Georgia,North Macedonia,2.0,0.0,"UEFA Nations League, League C, Gr. 4"
10225903,22/23,5,2022-09-23 16:00:00+00:00,finished,Estonia,Malta,2.0,1.0,"UEFA Nations League, League D, Gr. 2"
10023383,22/23,5,2022-09-23 18:45:00+00:00,finished,Germany,Hungary,0.0,1.0,"UEFA Nations League, League A, Gr. 3"
10023391,22/23,5,2022-09-23 18:45:00+00:00,finished,Italy,England,1.0,0.0,"UEFA Nations League, League A, Gr. 3"
10023372,22/23,5,2022-09-23 18:45:00+00:00,finished,Bosnia & Herzegovina,Montenegro,1.0,0.0,"UEFA Nations League, League B, Gr. 3"
10023362,22/23,5,2022-09-23 18:45:00+00:00,finished,Finland,Romania,1.0,1.0,"UEFA Nations League, League B, Gr. 3"
10023411,22/23,5,2022-09-23 18:45:00+00:00,finished,Bulgaria,Gibraltar,5.0,1.0,"UEFA Nations League, League C, Gr. 4"
10023444,22/23,5,2022-09-24 13:00:00+00:00,finished,Armenia,Ukraine,0.0,5.0,"UEFA Nations League, League B, Gr. 1"
10023402,22/23,5,2022-09-24 13:00:00+00:00,canceled,Iceland,Russia,,,"UEFA Nations League, League B, Gr. 2"
10023437,22/23,5,2022-09-24 16:00:00+00:00,finished,Slovenia,Norway,2.0,1.0,"UEFA Nations League, League B, Gr. 4"
10023438,22/23,5,2022-09-24 16:00:00+00:00,finished,Northern Ireland,Kosovo,2.0,1.0,"UEFA Nations League, League C, Gr. 2"
10225881,22/23,5,2022-09-24 18:45:00+00:00,finished,Cyprus,Greece,1.0,0.0,"UEFA Nations League, League C, Gr. 2"
10023423,22/23,5,2022-09-24 18:45:00+00:00,finished,Serbia,Sweden,4.0,1.0,"UEFA Nations League, League B, Gr. 4"
10023300,22/23,5,2022-09-24 18:45:00+00:00,finished,Spain,Switzerland,1.0,2.0,"UEFA Nations League, League A, Gr. 2"
10023413,22/23,5,2022-09-24 18:45:00+00:00,finished,Scotland,Ireland,2.0,1.0,"UEFA Nations League, League B, Gr. 1"
10023436,22/23,5,2022-09-24 18:45:00+00:00,finished,Israel,Albania,2.0,1.0,"UEFA Nations League, League B, Gr. 2"
10023353,22/23,5,2022-09-24 18:45:00+00:00,finished,Czechia,Portugal,0.0,4.0,"UEFA Nations League, League A, Gr. 2"
10023449,22/23,6,2022-09-25 13:00:00+00:00,finished,Andorra,Latvia,1.0,1.0,"UEFA Nations League, League D, Gr. 1"
10225890,22/23,6,2022-09-25 13:00:00+00:00,finished,Moldova,Liechtenstein,2.0,0.0,"UEFA Nations League, League D, Gr. 1"
10225887,22/23,6,2022-09-25 16:00:00+00:00,finished,Azerbaijan,Kazakhstan,3.0,0.0,"UEFA Nations League, League C, Gr. 3"
10023400,22/23,6,2022-09-25 16:00:00+00:00,finished,Slovakia,Belarus,1.0,1.0,"UEFA Nations League, League C, Gr. 3"
10023348,22/23,6,2022-09-25 18:45:00+00:00,finished,Luxembourg,Lithuania,1.0,0.0,"UEFA Nations League, League C, Gr. 1"
10023330,22/23,6,2022-09-25 18:45:00+00:00,finished,Faroe Islands,Türkiye,2.0,1.0,"UEFA Nations League, League C, Gr. 1"
10023410,22/23,6,2022-09-25 18:45:00+00:00,finished,Denmark,France,2.0,0.0,"UEFA Nations League, League A, Gr. 1"
10023357,22/23,6,2022-09-25 18:45:00+00:00,finished,Wales,Poland,0.0,1.0,"UEFA Nations League, League A, Gr. 4"
10023378,22/23,6,2022-09-25 18:45:00+00:00,finished,Netherlands,Belgium,1.0,0.0,"UEFA Nations League, League A, Gr. 4"
10023332,22/23,6,2022-09-25 18:45:00+00:00,finished,Austria,Croatia,1.0,3.0,"UEFA Nations League, League A, Gr. 1"
10023328,22/23,6,2022-09-26 18:45:00+00:00,finished,Hungary,Italy,0.0,2.0,"UEFA Nations League, League A, Gr. 3"
10023409,22/23,6,2022-09-26 18:45:00+00:00,finished,Montenegro,Finland,0.0,2.0,"UEFA Nations League, League B, Gr. 3"
10023376,22/23,6,2022-09-26 18:45:00+00:00,finished,Romania,Bosnia & Herzegovina,4.0,1.0,"UEFA Nations League, League B, Gr. 3"
10023416,22/23,6,2022-09-26 18:45:00+00:00,finished,Gibraltar,Georgia,1.0,2.0,"UEFA Nations League, League C, Gr. 4"
10023448,22/23,6,2022-09-26 18:45:00+00:00,finished,North Macedonia,Bulgaria,0.0,1.0,"UEFA Nations League, League C, Gr. 4"
10225909,22/23,6,2022-09-26 18:45:00+00:00,finished,San Marino,Estonia,0.0,4.0,"UEFA Nations League, League D, Gr. 2"
10023377,22/23,6,2022-09-26 18:45:00+00:00,finished,England,Germany,3.0,3.0,"UEFA Nations League, League A, Gr. 3"
10225879,22/23,6,2022-09-27 18:45:00+00:00,finished,Kosovo,Cyprus,5.0,1.0,"UEFA Nations League, League C, Gr. 2"
10023302,22/23,6,2022-09-27 18:45:00+00:00,finished,Greece,Northern Ireland,3.0,1.0,"UEFA Nations League, League C, Gr. 2"
10023424,22/23,6,2022-09-27 18:45:00+00:00,finished,Sweden,Slovenia,1.0,1.0,"UEFA Nations League, League B, Gr. 4"
10023392,22/23,6,2022-09-27 18:45:00+00:00,finished,Norway,Serbia,0.0,2.0,"UEFA Nations League, League B, Gr. 4"
10023418,22/23,6,2022-09-27 18:45:00+00:00,finished,Ukraine,Scotland,0.0,0.0,"UEFA Nations League, League B, Gr. 1"
10023313,22/23,6,2022-09-27 18:45:00+00:00,finished,Ireland,Armenia,3.0,2.0,"UEFA Nations League, League B, Gr. 1"
10023364,22/23,6,2022-09-27 18:45:00+00:00,finished,Switzerland,Czechia,2.0,1.0,"UEFA Nations League, League A, Gr. 2"
10023338,22/23,6,2022-09-27 18:45:00+00:00,finished,Portugal,Spain,0.0,1.0,"UEFA Nations League, League A, Gr. 2"
10023299,22/23,6,2022-09-27 18:45:00+00:00,canceled,Russia,Israel,,,"UEFA Nations League, League B, Gr. 2"
10023395,22/23,6,2022-09-27 18:45:00+00:00,finished,Albania,Iceland,1.0,1.0,"UEFA Nations League, League B, Gr. 2"
12057831,24/25,1,2024-09-05 16:00:00+00:00,finished,Azerbaijan,Sweden,1.0,3.0,"UEFA Nations League, League C, Gr. 1"
12057929,24/25,1,2024-09-05 18:45:00+00:00,finished,Portugal,Croatia,2.0,1.0,"UEFA Nations League, League A, Gr. 1"
12057919,24/25,1,2024-09-05 18:45:00+00:00,finished,Scotland,Poland,2.0,3.0,"UEFA Nations League, League A, Gr. 1"
12057887,24/25,1,2024-09-05 18:45:00+00:00,finished,Denmark,Switzerland,2.0,0.0,"UEFA Nations League, League A, Gr. 4"
12057882,24/25,1,2024-09-05 18:45:00+00:00,finished,Serbia,Spain,0.0,0.0,"UEFA Nations League, League A, Gr. 4"
12057832,24/25,1,2024-09-05 18:45:00+00:00,finished,Estonia,Slovakia,0.0,1.0,"UEFA Nations League, League C, Gr. 1"
12057805,24/25,1,2024-09-05 18:45:00+00:00,finished,Belarus,Bulgaria,0.0,0.0,"UEFA Nations League, League C, Gr. 3"
12057810,24/25,1,2024-09-05 18:45:00+00:00,finished,Northern Ireland,Luxembourg,2.0,0.0,"UEFA Nations League, League C, Gr. 3"
12057789,24/25,1,2024-09-05 18:45:00+00:00,finished,San Marino,Liechtenstein,1.0,0.0,"UEFA Nations League, League D, Gr. 1"
12057849,24/25,1,2024-09-06 14:00:00+00:00,finished,Kazakhstan,Norway,0.0,0.0,"UEFA Nations League, League B, Gr. 3"
12198109,24/25,1,2024-09-06 16:00:00+00:00,finished,Lithuania,Cyprus,0.0,1.0,"UEFA Nations League, League C, Gr. 2"
12057852,24/25,1,2024-09-06 18:45:00+00:00,finished,Slovenia,Austria,1.0,1.0,"UEFA Nations League, League B, Gr. 3"
12057841,24/25,1,2024-09-06 18:45:00+00:00,finished,Iceland,Montenegro,2.0,0.0,"UEFA Nations League, League B, Gr. 4"
12057847,24/25,1,2024-09-06 18:45:00+00:00,finished,Wales,Türkiye,0.0,0.0,"UEFA Nations League, League B, Gr. 4"
12057817,24/25,1,2024-09-06 18:45:00+00:00,finished,Kosovo,Romania,0.0,3.0,"UEFA Nations League, League C, Gr. 2"
12057909,24/25,1,2024-09-06 18:45:00+00:00,finished,France,Italy,1.0,3.0,"UEFA Nations League, League A, Gr. 2"
12057912,24/25,1,2024-09-06 18:45:00+00:00,finished,Belgium,Israel,3.0,1.0,"UEFA Nations League, League A, Gr. 2"
12057798,24/25,1,2024-09-07 13:00:00+00:00,finished,Faroe Islands,North Macedonia,1.0,1.0,"UEFA Nations League, League C, Gr. 4"
12057880,24/25,1,2024-09-07 16:00:00+00:00,finished,Georgia,Czechia,4.0,1.0,"UEFA Nations League, League B, Gr. 1"
12057873,24/25,1,2024-09-07 16:00:00+00:00,finished,Ireland,England,0.0,2.0,"UEFA Nations League, League B, Gr. 2"
12057799,24/25,1,2024-09-07 16:00:00+00:00,finished,Armenia,Latvia,4.0,1.0,"UEFA Nations League, League C, Gr. 4"
12057787,24/25,1,2024-09-07 16:00:00+00:00,finished,Moldova,Malta,2.0,0.0,"UEFA Nations League, League D, Gr. 2"
12057903,24/25,1,2024-09-07 18:45:00+00:00,finished,Germany,Hungary,5.0,0.0,"UEFA Nations League, League A, Gr. 3"
12057896,24/25,1,2024-09-07 18:45:00+00:00,finished,Netherlands,Bosnia & Herzegovina,5.0,2.0,"UEFA Nations League, League A, Gr. 3"
12057879,24/25,1,2024-09-07 18:45:00+00:00,finished,Ukraine,Albania,1.0,2.0,"UEFA Nations League, League B, Gr. 1"
12057868,24/25,1,2024-09-07 18:45:00+00:00,finished,Greece,Finland,3.0,0.0,"UEFA Nations League, League B, Gr. 2"
12057814,24/25,2,2024-09-08 13:00:00+00:00,finished,Luxembourg,Belarus,0.0,1.0,"UEFA Nations League, League C, Gr. 3"
12057815,24/25,2,2024-09-08 16:00:00+00:00,finished,Bulgaria,Northern Ireland,1.0,0.0,"UEFA Nations League, League C, Gr. 3"
12057786,24/25,2,2024-09-08 16:00:00+00:00,finished,Gibraltar,Liechtenstein,2.0,2.0,"UEFA Nations League, League D, Gr. 1"
12057891,24/25,2,2024-09-08 16:00:00+00:00,finished,Denmark,Serbia,2.0,0.0,"UEFA Nations League, League A, Gr. 4"
12057830,24/25,2,2024-09-08 16:00:00+00:00,finished,Slovakia,Azerbaijan,2.0,0.0,"UEFA Nations League, League C, Gr. 1"
12057924,24/25,2,2024-09-08 18:45:00+00:00,finished,Croatia,Poland,1.0,0.0,"UEFA Nations League, League A, Gr. 1"
12057936,24/25,2,2024-09-08 18:45:00+00:00,finished,Portugal,Scotland,2.0,1.0,"UEFA Nations League, League A, Gr. 1"
12057885,24/25,2,2024-09-08 18:45:00+00:00,finished,Switzerland,Spain,1.0,4.0,"UEFA Nations League, League A, Gr. 4"
12057827,24/25,2,2024-09-08 18:45:00+00:00,finished,Sweden,Estonia,3.0,0.0,"UEFA Nations League, League C, Gr. 1"
12057819,24/25,2,2024-09-09 16:00:00+00:00,finished,Cyprus,Kosovo,0.0,4.0,"UEFA Nations League, League C, Gr. 2"
12057779,24/25,2,2024-09-09 18:45:00+00:00,finished,Romania,Lithuania,3.0,1.0,"UEFA Nations League, League C, Gr. 2"
12057843,24/25,2,2024-09-09 18:45:00+00:00,finished,Türkiye,Iceland,3.0,1.0,"UEFA Nations League, League B, Gr. 4"
12057851,24/25,2,2024-09-09 18:45:00+00:00,finished,Norway,Austria,2.0,1.0,"UEFA Nations League, League B, Gr. 3"
12057854,24/25,2,2024-09-09 18:45:00+00:00,finished,Slovenia,Kazakhstan,3.0,0.0,"UEFA Nations League, League B, Gr. 3"
12057837,24/25,2,2024-09-09 18:45:00+00:00,finished,Montenegro,Wales,1.0,2.0,"UEFA Nations League, League B, Gr. 4"
12057908,24/25,2,2024-09-09 18:45:00+00:00,finished,France,Belgium,2.0,0.0,"UEFA Nations League, League A, Gr. 2"
12057915,24/25,2,2024-09-09 18:45:00+00:00,finished,Israel,Italy,1.0,2.0,"UEFA Nations League, League A, Gr. 2"
12057802,24/25,2,2024-09-10 16:00:00+00:00,finished,Latvia,Faroe Islands,1.0,0.0,"UEFA Nations League, League C, Gr. 4"
12057904,24/25,2,2024-09-10 18:45:00+00:00,finished,Hungary,Bosnia & Herzegovina,0.0,0.0,"UEFA Nations League, League A, Gr. 3"
12057900,24/25,2,2024-09-10 18:45:00+00:00,finished,Netherlands,Germany,2.0,2.0,"UEFA Nations League, League A, Gr. 3"
12057878,24/25,2,2024-09-10 18:45:00+00:00,finished,Albania,Georgia,0.0,1.0,"UEFA Nations League, League B, Gr. 1"
12057875,24/25,2,2024-09-10 18:45:00+00:00,finished,Czechia,Ukraine,3.0,2.0,"UEFA Nations League, League B, Gr. 1"
12057872,24/25,2,2024-09-10 18:45:00+00:00,finished,England,Finland,2.0,0.0,"UEFA Nations League, League B, Gr. 2"
12057859,24/25,2,2024-09-10 18:45:00+00:00,finished,Ireland,Greece,0.0,2.0,"UEFA Nations League, League B, Gr. 2"
12057800,24/25,2,2024-09-10 18:45:00+00:00,finished,North Macedonia,Armenia,2.0,0.0,"UEFA Nations League, League C, Gr. 4"
12057782,24/25,2,2024-09-10 18:45:00+00:00,finished,Andorra,Malta,0.0,1.0,"UEFA Nations League, League D, Gr. 2"
12057788,24/25,3,2024-10-10 16:00:00+00:00,finished,Moldova,Andorra,2.0,0.0,"UEFA Nations League, League D, Gr. 2"
12057801,24/25,3,2024-10-10 16:00:00+00:00,finished,Latvia,North Macedonia,0.0,3.0,"UEFA Nations League, League C, Gr. 4"
12057905,24/25,3,2024-10-10 18:45:00+00:00,finished,Italy,Belgium,2.0,2.0,"UEFA Nations League, League A, Gr. 2"
12057862,24/25,3,2024-10-10 18:45:00+00:00,finished,England,Greece,1.0,2.0,"UEFA Nations League, League B, Gr. 2"
12057864,24/25,3,2024-10-10 18:45:00+00:00,finished,Finland,Ireland,1.0,2.0,"UEFA Nations League, League B, Gr. 2"
12057853,24/25,3,2024-10-10 18:45:00+00:00,finished,Austria,Kazakhstan,4.0,0.0,"UEFA Nations League, League B, Gr. 3"
12057850,24/25,3,2024-10-10 18:45:00+00:00,finished,Norway,Slovenia,3.0,0.0,"UEFA Nations League, League B, Gr. 3"
12057797,24/25,3,2024-10-10 18:45:00+00:00,finished,Faroe Islands,Armenia,2.0,2.0,"UEFA Nations League, League C, Gr. 4"
12057783,24/25,3,2024-10-10 18:45:00+00:00,finished,Gibraltar,San Marino,1.0,0.0,"UEFA Nations League, League D, Gr. 1"
12057914,24/25,3,2024-10-10 18:45:00+00:00,finished,Israel,France,1.0,4.0,"UEFA Nations League, League A, Gr. 2"
12057822,24/25,3,2024-10-11 16:00:00+00:00,finished,Estonia,Azerbaijan,3.0,1.0,"UEFA Nations League, League C, Gr. 1"
12057895,24/25,3,2024-10-11 18:45:00+00:00,finished,Bosnia & Herzegovina,Germany,1.0,2.0,"UEFA Nations League, League A, Gr. 3"
12057897,24/25,3,2024-10-11 18:45:00+00:00,finished,Hungary,Netherlands,1.0,1.0,"UEFA Nations League, League A, Gr. 3"
12057876,24/25,3,2024-10-11 18:45:00+00:00,finished,Czechia,Albania,2.0,0.0,"UEFA Nations League, League B, Gr. 1"
12057874,24/25,3,2024-10-11 18:45:00+00:00,finished,Ukraine,Georgia,1.0,0.0,"UEFA Nations League, League B, Gr. 1"
12057835,24/25,3,2024-10-11 18:45:00+00:00,finished,Iceland,Wales,2.0,2.0,"UEFA Nations League, League B, Gr. 4"
12057842,24/25,3,2024-10-11 18:45:00+00:00,finished,Türkiye,Montenegro,1.0,0.0,"UEFA Nations League, League B, Gr. 4"
12057821,24/25,3,2024-10-11 18:45:00+00:00,finished,Slovakia,Sweden,2.0,2.0,"UEFA Nations League, League C, Gr. 1"
12057910,24/25,3,2024-10-12 13:00:00+00:00,finished,Lithuania,Kosovo,1.0,2.0,"UEFA Nations League, League C, Gr. 2"
12057923,24/25,3,2024-10-12 16:00:00+00:00,finished,Croatia,Scotland,2.0,1.0,"UEFA Nations League, League A, Gr. 1"
12057813,24/25,3,2024-10-12 16:00:00+00:00,finished,Bulgaria,Luxembourg,0.0,0.0,"UEFA Nations League, League C, Gr. 3"
12057807,24/25,3,2024-10-12 18:45:00+00:00,finished,Belarus,Northern Ireland,0.0,0.0,"UEFA Nations League, League C, Gr. 3"
12057881,24/25,3,2024-10-12 18:45:00+00:00,finished,Spain,Denmark,1.0,0.0,"UEFA Nations League, League A, Gr. 4"
12057825,24/25,3,2024-10-12 18:45:00+00:00,finished,Cyprus,Romania,0.0,3.0,"UEFA Nations League, League C, Gr. 2"
12057926,24/25,3,2024-10-12 18:45:00+00:00,finished,Poland,Portugal,1.0,3.0,"UEFA Nations League, League A, Gr. 1"
12057886,24/25,3,2024-10-12 18:45:00+00:00,finished,Serbia,Switzerland,2.0,0.0,"UEFA Nations League, League A, Gr. 4"
12057856,24/25,4,2024-10-13 13:00:00+00:00,finished,Kazakhstan,Slovenia,0.0,1.0,"UEFA Nations League, League B, Gr. 3"
12057785,24/25,4,2024-10-13 16:00:00+00:00,finished,Malta,Moldova,1.0,0.0,"UEFA Nations League, League D, Gr. 2"
12057778,24/25,4,2024-10-13 16:00:00+00:00,finished,Liechtenstein,Gibraltar,0.0,0.0,"UEFA Nations League, League D, Gr. 1"
12057796,24/25,4,2024-10-13 16:00:00+00:00,finished,Armenia,North Macedonia,0.0,2.0,"UEFA Nations League, League C, Gr. 4"
12057867,24/25,4,2024-10-13 16:00:00+00:00,finished,Finland,England,1.0,3.0,"UEFA Nations League, League B, Gr. 2"
12057860,24/25,4,2024-10-13 18:45:00+00:00,finished,Greece,Ireland,2.0,0.0,"UEFA Nations League, League B, Gr. 2"
12057855,24/25,4,2024-10-13 18:45:00+00:00,finished,Austria,Norway,5.0,1.0,"UEFA Nations League, League B, Gr. 3"
12057794,24/25,4,2024-10-13 18:45:00+00:00,finished,Faroe Islands,Latvia,1.0,1.0,"UEFA Nations League, League C, Gr. 4"
12057871,24/25,4,2024-10-14 16:00:00+00:00,finished,Georgia,Albania,0.0,1.0,"UEFA Nations League, League B, Gr. 1"
12057823,24/25,4,2024-10-14 16:00:00+00:00,finished,Azerbaijan,Slovakia,1.0,3.0,"UEFA Nations League, League C, Gr. 1"
12057840,24/25,4,2024-10-14 18:45:00+00:00,finished,Iceland,Türkiye,2.0,4.0,"UEFA Nations League, League B, Gr. 4"
12057836,24/25,4,2024-10-14 18:45:00+00:00,finished,Wales,Montenegro,1.0,0.0,"UEFA Nations League, League B, Gr. 4"
12057826,24/25,4,2024-10-14 18:45:00+00:00,finished,Estonia,Sweden,0.0,3.0,"UEFA Nations League, League C, Gr. 1"
12057901,24/25,4,2024-10-14 18:45:00+00:00,finished,Germany,Netherlands,1.0,0.0,"UEFA Nations League, League A, Gr. 3"
12057870,24/25,4,2024-10-14 18:45:00+00:00,finished,Ukraine,Czechia,1.0,1.0,"UEFA Nations League, League B, Gr. 1"
12057913,24/25,4,2024-10-14 18:45:00+00:00,finished,Italy,Israel,4.0,1.0,"UEFA Nations League, League A, Gr. 2"
12057907,24/25,4,2024-10-14 18:45:00+00:00,finished,Belgium,France,1.0,2.0,"UEFA Nations League, League A, Gr. 2"
12057902,24/25,4,2024-10-14 18:45:00+00:00,finished,Bosnia & Herzegovina,Hungary,0.0,2.0,"UEFA Nations League, League A, Gr. 3"
12057804,24/25,4,2024-10-15 18:45:00+00:00,finished,Northern Ireland,Bulgaria,5.0,0.0,"UEFA Nations League, League C, Gr. 3"
12057781,24/25,4,2024-10-15 18:45:00+00:00,finished,Lithuania,Romania,1.0,2.0,"UEFA Nations League, League C, Gr. 2"
12057808,24/25,4,2024-10-15 18:45:00+00:00,finished,Belarus,Luxembourg,1.0,1.0,"UEFA Nations League, League C, Gr. 3"
12057818,24/25,4,2024-10-15 18:45:00+00:00,finished,Kosovo,Cyprus,3.0,0.0,"UEFA Nations League, League C, Gr. 2"
12057922,24/25,4,2024-10-15 18:45:00+00:00,finished,Scotland,Portugal,0.0,0.0,"UEFA Nations League, League A, Gr. 1"
12057888,24/25,4,2024-10-15 18:45:00+00:00,finished,Spain,Serbia,3.0,0.0,"UEFA Nations League, League A, Gr. 4"
12057883,24/25,4,2024-10-15 18:45:00+00:00,finished,Switzerland,Denmark,2.0,2.0,"UEFA Nations League, League A, Gr. 4"
12057927,24/25,4,2024-10-15 18:45:00+00:00,finished,Poland,Croatia,3.0,3.0,"UEFA Nations League, League A, Gr. 1"
12057846,24/25,5,2024-11-14 15:00:00+00:00,finished,Kazakhstan,Austria,0.0,2.0,"UEFA Nations League, League B, Gr. 3"
12057795,24/25,5,2024-11-14 17:00:00+00:00,finished,Armenia,Faroe Islands,0.0,1.0,"UEFA Nations League, League C, Gr. 4"
12057848,24/25,5,2024-11-14 19:45:00+00:00,finished,Slovenia,Norway,1.0,4.0,"UEFA Nations League, League B, Gr. 3"
12057863,24/25,5,2024-11-14 19:45:00+00:00,finished,Ireland,Finland,1.0,0.0,"UEFA Nations League, League B, Gr. 2"
12057858,24/25,5,2024-11-14 19:45:00+00:00,finished,Greece,England,0.0,3.0,"UEFA Nations League, League B, Gr. 2"
12057792,24/25,5,2024-11-14 19:45:00+00:00,finished,North Macedonia,Latvia,1.0,0.0,"UEFA Nations League, League C, Gr. 4"
12057906,24/25,5,2024-11-14 19:45:00+00:00,finished,Belgium,Italy,0.0,1.0,"UEFA Nations League, League A, Gr. 2"
12057916,24/25,5,2024-11-14 19:45:00+00:00,finished,France,Israel,0.0,0.0,"UEFA Nations League, League A, Gr. 2"
12057777,24/25,5,2024-11-15 17:00:00+00:00,finished,Cyprus,Lithuania,2.0,1.0,"UEFA Nations League, League C, Gr. 2"
12057930,24/25,5,2024-11-15 19:45:00+00:00,finished,Portugal,Poland,5.0,1.0,"UEFA Nations League, League A, Gr. 1"
12057918,24/25,5,2024-11-15 19:45:00+00:00,finished,Scotland,Croatia,1.0,0.0,"UEFA Nations League, League A, Gr. 1"
12057884,24/25,5,2024-11-15 19:45:00+00:00,finished,Denmark,Spain,1.0,2.0,"UEFA Nations League, League A, Gr. 4"
12057889,24/25,5,2024-11-15 19:45:00+00:00,finished,Switzerland,Serbia,1.0,1.0,"UEFA Nations League, League A, Gr. 4"
12057816,24/25,5,2024-11-15 19:45:00+00:00,canceled,Romania,Kosovo,3.0,0.0,"UEFA Nations League, League C, Gr. 2"
12057812,24/25,5,2024-11-15 19:45:00+00:00,finished,Luxembourg,Bulgaria,0.0,1.0,"UEFA Nations League, League C, Gr. 3"
12057803,24/25,5,2024-11-15 19:45:00+00:00,finished,Northern Ireland,Belarus,2.0,0.0,"UEFA Nations League, League C, Gr. 3"
12265085,24/25,5,2024-11-15 19:45:00+00:00,finished,San Marino,Gibraltar,1.0,1.0,"UEFA Nations League, League D, Gr. 1"
12057828,24/25,5,2024-11-16 14:00:00+00:00,finished,Azerbaijan,Estonia,0.0,0.0,"UEFA Nations League, League C, Gr. 1"
12057784,24/25,5,2024-11-16 17:00:00+00:00,finished,Andorra,Moldova,0.0,1.0,"UEFA Nations League, League D, Gr. 2"
12057838,24/25,5,2024-11-16 17:00:00+00:00,finished,Türkiye,Wales,0.0,0.0,"UEFA Nations League, League B, Gr. 4"
12057834,24/25,5,2024-11-16 17:00:00+00:00,finished,Montenegro,Iceland,0.0,2.0,"UEFA Nations League, League B, Gr. 4"
12057869,24/25,5,2024-11-16 17:00:00+00:00,finished,Georgia,Ukraine,1.0,1.0,"UEFA Nations League, League B, Gr. 1"
12057899,24/25,5,2024-11-16 19:45:00+00:00,finished,Germany,Bosnia & Herzegovina,7.0,0.0,"UEFA Nations League, League A, Gr. 3"
12057892,24/25,5,2024-11-16 19:45:00+00:00,finished,Netherlands,Hungary,4.0,0.0,"UEFA Nations League, League A, Gr. 3"
12057866,24/25,5,2024-11-16 19:45:00+00:00,finished,Albania,Czechia,0.0,0.0,"UEFA Nations League, League B, Gr. 1"
12057829,24/25,5,2024-11-16 19:45:00+00:00,finished,Sweden,Slovakia,2.0,1.0,"UEFA Nations League, League C, Gr. 1"
12057791,24/25,6,2024-11-17 14:00:00+00:00,finished,North Macedonia,Faroe Islands,1.0,0.0,"UEFA Nations League, League C, Gr. 4"
12057793,24/25,6,2024-11-17 14:00:00+00:00,finished,Latvia,Armenia,1.0,2.0,"UEFA Nations League, League C, Gr. 4"
12057845,24/25,6,2024-11-17 17:00:00+00:00,finished,Norway,Kazakhstan,5.0,0.0,"UEFA Nations League, League B, Gr. 3"
12057844,24/25,6,2024-11-17 17:00:00+00:00,finished,Austria,Slovenia,1.0,1.0,"UEFA Nations League, League B, Gr. 3"
12057861,24/25,6,2024-11-17 17:00:00+00:00,finished,England,Ireland,5.0,0.0,"UEFA Nations League, League B, Gr. 2"
12057857,24/25,6,2024-11-17 17:00:00+00:00,finished,Finland,Greece,0.0,2.0,"UEFA Nations League, League B, Gr. 2"
12057965,24/25,6,2024-11-17 19:45:00+00:00,finished,Israel,Belgium,1.0,0.0,"UEFA Nations League, League A, Gr. 2"
12057911,24/25,6,2024-11-17 19:45:00+00:00,finished,Italy,France,1.0,3.0,"UEFA Nations League, League A, Gr. 2"
12057917,24/25,6,2024-11-18 19:45:00+00:00,finished,Croatia,Portugal,1.0,1.0,"UEFA Nations League, League A, Gr. 1"
12057920,24/25,6,2024-11-18 19:45:00+00:00,finished,Poland,Scotland,1.0,2.0,"UEFA Nations League, League A, Gr. 1"
12057890,24/25,6,2024-11-18 19:45:00+00:00,finished,Serbia,Denmark,0.0,0.0,"UEFA Nations League, League A, Gr. 4"
12057898,24/25,6,2024-11-18 19:45:00+00:00,finished,Spain,Switzerland,3.0,2.0,"UEFA Nations League, League A, Gr. 4"
12057780,24/25,6,2024-11-18 19:45:00+00:00,finished,Kosovo,Lithuania,1.0,0.0,"UEFA Nations League, League C, Gr. 2"
12057811,24/25,6,2024-11-18 19:45:00+00:00,finished,Romania,Cyprus,4.0,1.0,"UEFA Nations League, League C, Gr. 2"
12057809,24/25,6,2024-11-18 19:45:00+00:00,finished,Bulgaria,Belarus,1.0,1.0,"UEFA Nations League, League C, Gr. 3"
12057806,24/25,6,2024-11-18 19:45:00+00:00,finished,Luxembourg,Northern Ireland,2.0,2.0,"UEFA Nations League, League C, Gr. 3"
12057790,24/25,6,2024-11-18 19:45:00+00:00,finished,Liechtenstein,San Marino,1.0,3.0,"UEFA Nations League, League D, Gr. 1"
12057776,24/25,6,2024-11-19 19:45:00+00:00,finished,Malta,Andorra,0.0,0.0,"UEFA Nations League, League D, Gr. 2"
12057824,24/25,6,2024-11-19 19:45:00+00:00,finished,Sweden,Azerbaijan,6.0,0.0,"UEFA Nations League, League C, Gr. 1"
12057820,24/25,6,2024-11-19 19:45:00+00:00,finished,Slovakia,Estonia,1.0,0.0,"UEFA Nations League, League C, Gr. 1"
12057833,24/25,6,2024-11-19 19:45:00+00:00,finished,Wales,Iceland,4.0,1.0,"UEFA Nations League, League B, Gr. 4"
12057893,24/25,6,2024-11-19 19:45:00+00:00,finished,Bosnia & Herzegovina,Netherlands,1.0,1.0,"UEFA Nations League, League A, Gr. 3"
12057865,24/25,6,2024-11-19 19:45:00+00:00,finished,Czechia,Georgia,2.0,1.0,"UEFA Nations League, League B, Gr. 1"
12057877,24/25,6,2024-11-19 19:45:00+00:00,finished,Albania,Ukraine,1.0,2.0,"UEFA Nations League, League B, Gr. 1"
12057894,24/25,6,2024-11-19 19:45:00+00:00,finished,Hungary,Germany,1.0,1.0,"UEFA Nations League, League A, Gr. 3"
12057839,24/25,6,2024-11-19 19:45:00+00:00,finished,Montenegro,Türkiye,3.0,1.0,"UEFA Nations League, League B, Gr. 4"
15537726,26/27,1,2026-09-24 16:00:00+00:00,notstarted,Andorra,Malta,,,"UEFA Nations League, League D, Gr. 1"
15534155,26/27,1,2026-09-24 18:45:00+00:00,notstarted,Austria,Israel,,,"UEFA Nations League, League B, Gr. 3"
15534241,26/27,1,2026-09-24 18:45:00+00:00,notstarted,Liechtenstein,Lithuania,,,"UEFA Nations League, League D, Gr. 2"
15534165,26/27,1,2026-09-24 18:45:00+00:00,notstarted,Kosovo,Ireland,,,"UEFA Nations League, League B, Gr. 3"
15534097,26/27,1,2026-09-24 18:45:00+00:00,notstarted,Portugal,Wales,,,"UEFA Nations League, League A, Gr. 4"
15534071,26/27,1,2026-09-24 18:45:00+00:00,notstarted,Serbia,Greece,,,"UEFA Nations League, League A, Gr. 2"
15534057,26/27,1,2026-09-24 18:45:00+00:00,notstarted,Netherlands,Germany,,,"UEFA Nations League, League A, Gr. 2"
15534100,26/27,1,2026-09-24 18:45:00+00:00,notstarted,Norway,Denmark,,,"UEFA Nations League, League A, Gr. 4"
15534138,26/27,1,2026-09-25 16:00:00+00:00,notstarted,Georgia,Northern Ireland,,,"UEFA Nations League, League B, Gr. 2"
15537760,26/27,1,2026-09-25 16:00:00+00:00,notstarted,Armenia,Latvia,,,"UEFA Nations League, League C, Gr. 2"
15534178,26/27,1,2026-09-25 18:45:00+00:00,notstarted,Sweden,Romania,,,"UEFA Nations League, League B, Gr. 4"
15534037,26/27,1,2026-09-25 18:45:00+00:00,notstarted,Italy,Belgium,,,"UEFA Nations League, League A, Gr. 1"
15534031,26/27,1,2026-09-25 18:45:00+00:00,notstarted,Türkiye,France,,,"UEFA Nations League, League A, Gr. 1"
15534128,26/27,1,2026-09-25 18:45:00+00:00,notstarted,Hungary,Ukraine,,,"UEFA Nations League, League B, Gr. 2"
15534167,26/27,1,2026-09-25 18:45:00+00:00,notstarted,Poland,Bosnia & Herzegovina,,,"UEFA Nations League, League B, Gr. 4"
15534183,26/27,1,2026-09-25 18:45:00+00:00,notstarted,Montenegro,Cyprus,,,"UEFA Nations League, League C, Gr. 2"
15534109,26/27,1,2026-09-26 13:00:00+00:00,notstarted,Slovenia,Scotland,,,"UEFA Nations League, League B, Gr. 1"
15534152,26/27,1,2026-09-26 16:00:00+00:00,notstarted,San Marino,Finland,,,"UEFA Nations League, League C, Gr. 1"
15534194,26/27,1,2026-09-26 16:00:00+00:00,notstarted,Faroe Islands,Kazakhstan,,,"UEFA Nations League, League C, Gr. 3"
15537761,26/27,1,2026-09-26 16:00:00+00:00,notstarted,Bulgaria,Luxembourg,,,"UEFA Nations League, League C, Gr. 4"
15534233,26/27,1,2026-09-26 16:00:00+00:00,notstarted,Iceland,Estonia,,,"UEFA Nations League, League C, Gr. 4"
15534142,26/27,1,2026-09-26 18:45:00+00:00,notstarted,Albania,Belarus,,,"UEFA Nations League, League C, Gr. 1"
15534115,26/27,1,2026-09-26 18:45:00+00:00,notstarted,North Macedonia,Switzerland,,,"UEFA Nations League, League B, Gr. 1"
15534193,26/27,1,2026-09-26 18:45:00+00:00,notstarted,Slovakia,Moldova,,,"UEFA Nations League, League C, Gr. 3"
15534090,26/27,1,2026-09-26 18:45:00+00:00,notstarted,Czechia,Croatia,,,"UEFA Nations League, League A, Gr. 3"
15534084,26/27,1,2026-09-26 18:45:00+00:00,notstarted,England,Spain,,,"UEFA Nations League, League A, Gr. 3"
15534242,26/27,2,2026-09-27 13:00:00+00:00,notstarted,Lithuania,Azerbaijan,,,"UEFA Nations League, League D, Gr. 2"
15534101,26/27,2,2026-09-27 16:00:00+00:00,notstarted,Denmark,Wales,,,"UEFA Nations League, League A, Gr. 4"
15534068,26/27,2,2026-09-27 16:00:00+00:00,notstarted,Serbia,Netherlands,,,"UEFA Nations League, League A, Gr. 2"
15534162,26/27,2,2026-09-27 16:00:00+00:00,notstarted,Austria,Kosovo,,,"UEFA Nations League, League B, Gr. 3"
15537762,26/27,2,2026-09-27 16:00:00+00:00,notstarted,Gibraltar,Andorra,,,"UEFA Nations League, League D, Gr. 1"
15534060,26/27,2,2026-09-27 18:45:00+00:00,notstarted,Germany,Greece,,,"UEFA Nations League, League A, Gr. 2"
15534096,26/27,2,2026-09-27 18:45:00+00:00,notstarted,Norway,Portugal,,,"UEFA Nations League, League A, Gr. 4"
15534156,26/27,2,2026-09-27 18:45:00+00:00,notstarted,Israel,Ireland,,,"UEFA Nations League, League B, Gr. 3"
15534135,26/27,2,2026-09-28 16:00:00+00:00,notstarted,Georgia,Ukraine,,,"UEFA Nations League, League B, Gr. 2"
15534181,26/27,2,2026-09-28 16:00:00+00:00,notstarted,Armenia,Montenegro,,,"UEFA Nations League, League C, Gr. 2"
15537764,26/27,2,2026-09-28 16:00:00+00:00,notstarted,Latvia,Cyprus,,,"UEFA Nations League, League C, Gr. 2"
15534172,26/27,2,2026-09-28 18:45:00+00:00,notstarted,Sweden,Poland,,,"UEFA Nations League, League B, Gr. 4"
15534133,26/27,2,2026-09-28 18:45:00+00:00,notstarted,Northern Ireland,Hungary,,,"UEFA Nations League, League B, Gr. 2"
15534174,26/27,2,2026-09-28 18:45:00+00:00,notstarted,Romania,Bosnia & Herzegovina,,,"UEFA Nations League, League B, Gr. 4"
15534026,26/27,2,2026-09-28 18:45:00+00:00,notstarted,Belgium,France,,,"UEFA Nations League, League A, Gr. 1"
15534051,26/27,2,2026-09-28 18:45:00+00:00,notstarted,Türkiye,Italy,,,"UEFA Nations League, League A, Gr. 1"
15534150,26/27,2,2026-09-29 16:00:00+00:00,notstarted,Finland,Belarus,,,"UEFA Nations League, League C, Gr. 1"
15534199,26/27,2,2026-09-29 16:00:00+00:00,notstarted,Moldova,Faroe Islands,,,"UEFA Nations League, League C, Gr. 3"
15537765,26/27,2,2026-09-29 18:45:00+00:00,notstarted,Luxembourg,Iceland,,,"UEFA Nations League, League C, Gr. 4"
15534106,26/27,2,2026-09-29 18:45:00+00:00,notstarted,Scotland,Switzerland,,,"UEFA Nations League, League B, Gr. 1"
15534116,26/27,2,2026-09-29 18:45:00+00:00,notstarted,Slovenia,North Macedonia,,,"UEFA Nations League, League B, Gr. 1"
15534147,26/27,2,2026-09-29 18:45:00+00:00,notstarted,San Marino,Albania,,,"UEFA Nations League, League C, Gr. 1"
15534191,26/27,2,2026-09-29 18:45:00+00:00,notstarted,Slovakia,Kazakhstan,,,"UEFA Nations League, League C, Gr. 3"
15534235,26/27,2,2026-09-29 18:45:00+00:00,notstarted,Bulgaria,Estonia,,,"UEFA Nations League, League C, Gr. 4"
15534092,26/27,2,2026-09-29 18:45:00+00:00,notstarted,Czechia,England,,,"UEFA Nations League, League A, Gr. 3"
15534081,26/27,2,2026-09-29 18:45:00+00:00,notstarted,Spain,Croatia,,,"UEFA Nations League, League A, Gr. 3"
15534238,26/27,3,2026-10-01 16:00:00+00:00,notstarted,Azerbaijan,Liechtenstein,,,"UEFA Nations League, League D, Gr. 2"
15534058,26/27,3,2026-10-01 18:45:00+00:00,notstarted,Germany,Serbia,,,"UEFA Nations League, League A, Gr. 2"
15534070,26/27,3,2026-10-01 18:45:00+00:00,notstarted,Greece,Netherlands,,,"UEFA Nations League, League A, Gr. 2"
15534094,26/27,3,2026-10-01 18:45:00+00:00,notstarted,Denmark,Portugal,,,"UEFA Nations League, League A, Gr. 4"
15534104,26/27,3,2026-10-01 18:45:00+00:00,notstarted,Wales,Norway,,,"UEFA Nations League, League A, Gr. 4"
15534161,26/27,3,2026-10-01 18:45:00+00:00,notstarted,Ireland,Austria,,,"UEFA Nations League, League B, Gr. 3"
15534158,26/27,3,2026-10-01 18:45:00+00:00,notstarted,Israel,Kosovo,,,"UEFA Nations League, League B, Gr. 3"
15537766,26/27,3,2026-10-01 18:45:00+00:00,notstarted,Malta,Gibraltar,,,"UEFA Nations League, League D, Gr. 1"
15534190,26/27,3,2026-10-02 14:00:00+00:00,notstarted,Kazakhstan,Moldova,,,"UEFA Nations League, League C, Gr. 3"
15534185,26/27,3,2026-10-02 16:00:00+00:00,notstarted,Cyprus,Armenia,,,"UEFA Nations League, League C, Gr. 2"
15537767,26/27,3,2026-10-02 16:00:00+00:00,notstarted,Latvia,Montenegro,,,"UEFA Nations League, League C, Gr. 2"
15534040,26/27,3,2026-10-02 18:45:00+00:00,notstarted,Belgium,Türkiye,,,"UEFA Nations League, League A, Gr. 1"
15534028,26/27,3,2026-10-02 18:45:00+00:00,notstarted,France,Italy,,,"UEFA Nations League, League A, Gr. 1"
15534130,26/27,3,2026-10-02 18:45:00+00:00,notstarted,Hungary,Georgia,,,"UEFA Nations League, League B, Gr. 2"
15534136,26/27,3,2026-10-02 18:45:00+00:00,notstarted,Ukraine,Northern Ireland,,,"UEFA Nations League, League B, Gr. 2"
15534175,26/27,3,2026-10-02 18:45:00+00:00,notstarted,Bosnia & Herzegovina,Sweden,,,"UEFA Nations League, League B, Gr. 4"
15534169,26/27,3,2026-10-02 18:45:00+00:00,notstarted,Poland,Romania,,,"UEFA Nations League, League B, Gr. 4"
15534195,26/27,3,2026-10-02 18:45:00+00:00,notstarted,Faroe Islands,Slovakia,,,"UEFA Nations League, League C, Gr. 3"
15534146,26/27,3,2026-10-03 13:00:00+00:00,notstarted,Finland,Albania,,,"UEFA Nations League, League C, Gr. 1"
15534149,26/27,3,2026-10-03 16:00:00+00:00,notstarted,Belarus,San Marino,,,"UEFA Nations League, League C, Gr. 1"
15534087,26/27,3,2026-10-03 16:00:00+00:00,notstarted,Croatia,England,,,"UEFA Nations League, League A, Gr. 3"
15537768,26/27,3,2026-10-03 16:00:00+00:00,notstarted,Estonia,Luxembourg,,,"UEFA Nations League, League C, Gr. 4"
15534232,26/27,3,2026-10-03 16:00:00+00:00,notstarted,Iceland,Bulgaria,,,"UEFA Nations League, League C, Gr. 4"
15534111,26/27,3,2026-10-03 18:45:00+00:00,notstarted,North Macedonia,Scotland,,,"UEFA Nations League, League B, Gr. 1"
15534112,26/27,3,2026-10-03 18:45:00+00:00,notstarted,Switzerland,Slovenia,,,"UEFA Nations League, League B, Gr. 1"
15534085,26/27,3,2026-10-03 18:45:00+00:00,notstarted,Spain,Czechia,,,"UEFA Nations League, League A, Gr. 3"
15534239,26/27,4,2026-10-04 13:00:00+00:00,notstarted,Azerbaijan,Lithuania,,,"UEFA Nations League, League D, Gr. 2"
15534163,26/27,4,2026-10-04 16:00:00+00:00,notstarted,Kosovo,Austria,,,"UEFA Nations League, League B, Gr. 3"
15537769,26/27,4,2026-10-04 16:00:00+00:00,notstarted,Malta,Andorra,,,"UEFA Nations League, League D, Gr. 1"
15534102,26/27,4,2026-10-04 18:45:00+00:00,notstarted,Wales,Denmark,,,"UEFA Nations League, League A, Gr. 4"
15534061,26/27,4,2026-10-04 18:45:00+00:00,notstarted,Greece,Germany,,,"UEFA Nations League, League A, Gr. 2"
15534067,26/27,4,2026-10-04 18:45:00+00:00,notstarted,Netherlands,Serbia,,,"UEFA Nations League, League A, Gr. 2"
15534095,26/27,4,2026-10-04 18:45:00+00:00,notstarted,Portugal,Norway,,,"UEFA Nations League, League A, Gr. 4"
15534157,26/27,4,2026-10-04 18:45:00+00:00,notstarted,Ireland,Israel,,,"UEFA Nations League, League B, Gr. 3"
15537770,26/27,4,2026-10-05 16:00:00+00:00,notstarted,Cyprus,Latvia,,,"UEFA Nations League, League C, Gr. 2"
15534129,26/27,4,2026-10-05 18:45:00+00:00,notstarted,Ukraine,Hungary,,,"UEFA Nations League, League B, Gr. 2"
15534139,26/27,4,2026-10-05 18:45:00+00:00,notstarted,Northern Ireland,Georgia,,,"UEFA Nations League, League B, Gr. 2"
15534168,26/27,4,2026-10-05 18:45:00+00:00,notstarted,Bosnia & Herzegovina,Poland,,,"UEFA Nations League, League B, Gr. 4"
15534027,26/27,4,2026-10-05 18:45:00+00:00,notstarted,France,Belgium,,,"UEFA Nations League, League A, Gr. 1"
15534182,26/27,4,2026-10-05 18:45:00+00:00,notstarted,Montenegro,Armenia,,,"UEFA Nations League, League C, Gr. 2"
15534050,26/27,4,2026-10-05 18:45:00+00:00,notstarted,Italy,Türkiye,,,"UEFA Nations League, League A, Gr. 1"
15534177,26/27,4,2026-10-05 18:45:00+00:00,notstarted,Romania,Sweden,,,"UEFA Nations League, League B, Gr. 4"
15534189,26/27,4,2026-10-06 14:00:00+00:00,notstarted,Kazakhstan,Faroe Islands,,,"UEFA Nations League, League C, Gr. 3"
15537771,26/27,4,2026-10-06 18:45:00+00:00,notstarted,Luxembourg,Bulgaria,,,"UEFA Nations League, League C, Gr. 4"
15534236,26/27,4,2026-10-06 18:45:00+00:00,notstarted,Estonia,Iceland,,,"UEFA Nations League, League C, Gr. 4"
15534198,26/27,4,2026-10-06 18:45:00+00:00,notstarted,Moldova,Slovakia,,,"UEFA Nations League, League C, Gr. 3"
15534148,26/27,4,2026-10-06 18:45:00+00:00,notstarted,Belarus,Finland,,,"UEFA Nations League, League C, Gr. 1"
15534144,26/27,4,2026-10-06 18:45:00+00:00,notstarted,Albania,San Marino,,,"UEFA Nations League, League C, Gr. 1"
15534114,26/27,4,2026-10-06 18:45:00+00:00,notstarted,Switzerland,North Macedonia,,,"UEFA Nations League, League B, Gr. 1"
15534108,26/27,4,2026-10-06 18:45:00+00:00,notstarted,Scotland,Slovenia,,,"UEFA Nations League, League B, Gr. 1"
15534082,26/27,4,2026-10-06 18:45:00+00:00,notstarted,Croatia,Spain,,,"UEFA Nations League, League A, Gr. 3"
15534091,26/27,4,2026-10-06 18:45:00+00:00,notstarted,England,Czechia,,,"UEFA Nations League, League A, Gr. 3"
15534041,26/27,5,2026-11-12 17:00:00+00:00,notstarted,Türkiye,Belgium,,,"UEFA Nations League, League A, Gr. 1"
15534180,26/27,5,2026-11-12 17:00:00+00:00,notstarted,Armenia,Cyprus,,,"UEFA Nations League, League C, Gr. 2"
15534030,26/27,5,2026-11-12 19:45:00+00:00,notstarted,Italy,France,,,"UEFA Nations League, League A, Gr. 1"
15534086,26/27,5,2026-11-12 19:45:00+00:00,notstarted,Czechia,Spain,,,"UEFA Nations League, League A, Gr. 3"
15534088,26/27,5,2026-11-12 19:45:00+00:00,notstarted,England,Croatia,,,"UEFA Nations League, League A, Gr. 3"
15534143,26/27,5,2026-11-12 19:45:00+00:00,notstarted,Albania,Finland,,,"UEFA Nations League, League C, Gr. 1"
15534153,26/27,5,2026-11-12 19:45:00+00:00,notstarted,San Marino,Belarus,,,"UEFA Nations League, League C, Gr. 1"
15537773,26/27,5,2026-11-12 19:45:00+00:00,notstarted,Montenegro,Latvia,,,"UEFA Nations League, League C, Gr. 2"
15534197,26/27,5,2026-11-13 17:00:00+00:00,notstarted,Moldova,Kazakhstan,,,"UEFA Nations League, League C, Gr. 3"
15534192,26/27,5,2026-11-13 19:45:00+00:00,notstarted,Slovakia,Faroe Islands,,,"UEFA Nations League, League C, Gr. 3"
15537775,26/27,5,2026-11-13 19:45:00+00:00,notstarted,Andorra,Gibraltar,,,"UEFA Nations League, League D, Gr. 1"
15537774,26/27,5,2026-11-13 19:45:00+00:00,notstarted,Luxembourg,Estonia,,,"UEFA Nations League, League C, Gr. 4"
15534234,26/27,5,2026-11-13 19:45:00+00:00,notstarted,Bulgaria,Iceland,,,"UEFA Nations League, League C, Gr. 4"
15534059,26/27,5,2026-11-13 19:45:00+00:00,notstarted,Serbia,Germany,,,"UEFA Nations League, League A, Gr. 2"
15534110,26/27,5,2026-11-13 19:45:00+00:00,notstarted,Scotland,North Macedonia,,,"UEFA Nations League, League B, Gr. 1"
15534240,26/27,5,2026-11-13 19:45:00+00:00,notstarted,Liechtenstein,Azerbaijan,,,"UEFA Nations League, League D, Gr. 2"
15534069,26/27,5,2026-11-13 19:45:00+00:00,notstarted,Netherlands,Greece,,,"UEFA Nations League, League A, Gr. 2"
15534113,26/27,5,2026-11-13 19:45:00+00:00,notstarted,Slovenia,Switzerland,,,"UEFA Nations League, League B, Gr. 1"
15534159,26/27,5,2026-11-14 14:00:00+00:00,notstarted,Kosovo,Israel,,,"UEFA Nations League, League B, Gr. 3"
15534103,26/27,5,2026-11-14 17:00:00+00:00,notstarted,Norway,Wales,,,"UEFA Nations League, League A, Gr. 4"
15534131,26/27,5,2026-11-14 17:00:00+00:00,notstarted,Georgia,Hungary,,,"UEFA Nations League, League B, Gr. 2"
15534093,26/27,5,2026-11-14 19:45:00+00:00,notstarted,Portugal,Denmark,,,"UEFA Nations League, League A, Gr. 4"
15534137,26/27,5,2026-11-14 19:45:00+00:00,notstarted,Northern Ireland,Ukraine,,,"UEFA Nations League, League B, Gr. 2"
15534160,26/27,5,2026-11-14 19:45:00+00:00,notstarted,Austria,Ireland,,,"UEFA Nations League, League B, Gr. 3"
15534170,26/27,5,2026-11-14 19:45:00+00:00,notstarted,Romania,Poland,,,"UEFA Nations League, League B, Gr. 4"
15534176,26/27,5,2026-11-14 19:45:00+00:00,notstarted,Sweden,Bosnia & Herzegovina,,,"UEFA Nations League, League B, Gr. 4"
15537776,26/27,6,2026-11-15 14:00:00+00:00,notstarted,Latvia,Armenia,,,"UEFA Nations League, League C, Gr. 2"
15534184,26/27,6,2026-11-15 14:00:00+00:00,notstarted,Cyprus,Montenegro,,,"UEFA Nations League, League C, Gr. 2"
15534145,26/27,6,2026-11-15 17:00:00+00:00,notstarted,Belarus,Albania,,,"UEFA Nations League, League C, Gr. 1"
15534151,26/27,6,2026-11-15 17:00:00+00:00,notstarted,Finland,San Marino,,,"UEFA Nations League, League C, Gr. 1"
15534036,26/27,6,2026-11-15 19:45:00+00:00,notstarted,Belgium,Italy,,,"UEFA Nations League, League A, Gr. 1"
15534029,26/27,6,2026-11-15 19:45:00+00:00,notstarted,France,Türkiye,,,"UEFA Nations League, League A, Gr. 1"
15534089,26/27,6,2026-11-15 19:45:00+00:00,notstarted,Croatia,Czechia,,,"UEFA Nations League, League A, Gr. 3"
15534083,26/27,6,2026-11-15 19:45:00+00:00,notstarted,Spain,England,,,"UEFA Nations League, League A, Gr. 3"
15534196,26/27,6,2026-11-16 15:00:00+00:00,notstarted,Faroe Islands,Moldova,,,"UEFA Nations League, League C, Gr. 3"
15534188,26/27,6,2026-11-16 15:00:00+00:00,notstarted,Kazakhstan,Slovakia,,,"UEFA Nations League, League C, Gr. 3"
15534243,26/27,6,2026-11-16 17:00:00+00:00,notstarted,Lithuania,Liechtenstein,,,"UEFA Nations League, League D, Gr. 2"
15534237,26/27,6,2026-11-16 17:00:00+00:00,notstarted,Estonia,Bulgaria,,,"UEFA Nations League, League C, Gr. 4"
15537777,26/27,6,2026-11-16 17:00:00+00:00,notstarted,Iceland,Luxembourg,,,"UEFA Nations League, League C, Gr. 4"
15534107,26/27,6,2026-11-16 19:45:00+00:00,notstarted,Switzerland,Scotland,,,"UEFA Nations League, League B, Gr. 1"
15534117,26/27,6,2026-11-16 19:45:00+00:00,notstarted,North Macedonia,Slovenia,,,"UEFA Nations League, League B, Gr. 1"
15537778,26/27,6,2026-11-16 19:45:00+00:00,notstarted,Gibraltar,Malta,,,"UEFA Nations League, League D, Gr. 1"
15534056,26/27,6,2026-11-16 19:45:00+00:00,notstarted,Germany,Netherlands,,,"UEFA Nations League, League A, Gr. 2"
15534072,26/27,6,2026-11-16 19:45:00+00:00,notstarted,Greece,Serbia,,,"UEFA Nations League, League A, Gr. 2"
15534099,26/27,6,2026-11-17 19:45:00+00:00,notstarted,Denmark,Norway,,,"UEFA Nations League, League A, Gr. 4"
15534132,26/27,6,2026-11-17 19:45:00+00:00,notstarted,Hungary,Northern Ireland,,,"UEFA Nations League, League B, Gr. 2"
15534134,26/27,6,2026-11-17 19:45:00+00:00,notstarted,Ukraine,Georgia,,,"UEFA Nations League, League B, Gr. 2"
15534164,26/27,6,2026-11-17 19:45:00+00:00,notstarted,Ireland,Kosovo,,,"UEFA Nations League, League B, Gr. 3"
15534154,26/27,6,2026-11-17 19:45:00+00:00,notstarted,Israel,Austria,,,"UEFA Nations League, League B, Gr. 3"
15534173,26/27,6,2026-11-17 19:45:00+00:00,notstarted,Bosnia & Herzegovina,Romania,,,"UEFA Nations League, League B, Gr. 4"
15534171,26/27,6,2026-11-17 19:45:00+00:00,notstarted,Poland,Sweden,,,"UEFA Nations League, League B, Gr. 4"
15534098,26/27,6,2026-11-17 19:45:00+00:00,notstarted,Wales,Portugal,,,"UEFA Nations League, League A, Gr. 4"
